client_id,age,income,loan_amount,term_months,num_loans_last_5y,current_arrears,region,risk_level
C00001,57,1423.11,6319.66,24,0,2,Trujillo,medio
C00002,60,2017.81,4518.68,36,2,1,Piura,bajo
C00003,33,1291.91,4578.02,48,0,0,Piura,medio
C00004,67,3277.72,5088.71,36,2,1,Lima,bajo
C00005,51,2825.53,6032.34,36,3,1,Arequipa,bajo
C00006,25,1823.41,4330.6,12,4,2,Trujillo,bajo
C00007,20,349.82,7942.16,36,3,0,Arequipa,medio
C00008,22,3582.09,5026.37,36,0,3,Lima,alto
C00009,57,1443.31,3612.56,36,0,0,Lima,medio
C00010,29,1385.75,4415.01,60,6,3,Trujillo,alto
C00011,43,2126.69,10804.27,36,1,0,Lima,medio
C00012,39,1881.27,4779.61,12,1,1,Lima,bajo
C00013,64,987.61,7831.74,24,3,2,Piura,medio
C00014,41,1922.64,4709.45,48,2,1,Lima,bajo
C00015,29,1601.97,4289.78,24,2,2,Arequipa,bajo
C00016,45,2487.17,10111.0,24,5,0,Piura,medio
C00017,21,2554.97,7387.39,24,1,0,Trujillo,bajo
C00018,23,1086.13,7317.53,24,5,0,Lima,medio
C00019,52,1459.64,7062.69,48,1,2,Cusco,medio
C00020,37,1708.21,4870.69,36,1,1,Piura,bajo
C00021,28,152.0,5387.19,36,2,3,Trujillo,alto
C00022,68,1037.42,5645.07,36,2,1,Lima,medio
C00023,52,3088.78,6569.89,36,3,0,Lima,bajo
C00024,32,2444.77,5502.55,36,1,0,Piura,bajo
C00025,65,1319.42,10354.31,48,0,2,Piura,medio
C00026,30,2913.6,7246.12,24,4,1,Cusco,bajo
C00027,56,2933.09,1623.38,24,1,1,Cusco,bajo
C00028,35,1986.99,7012.51,24,2,1,Trujillo,bajo
C00029,52,2781.0,3247.64,36,3,3,Arequipa,alto
C00030,53,2074.39,4872.76,36,1,4,Lima,alto
C00031,34,522.45,3399.07,60,3,1,Trujillo,medio
C00032,30,1571.36,3378.43,36,0,0,Lima,bajo
C00033,68,1959.64,7364.35,36,2,1,Arequipa,bajo
C00034,41,2840.72,4473.08,24,0,1,Cusco,bajo
C00035,52,2861.76,9402.94,36,5,1,Lima,bajo
C00036,47,1502.58,9353.02,24,5,0,Lima,bajo
C00037,39,2424.85,9227.66,24,6,1,Piura,alto
C00038,64,3358.39,8029.34,36,4,0,Piura,bajo
C00039,61,2937.49,3358.55,24,1,1,Trujillo,bajo
C00040,41,3019.15,5699.42,36,1,1,Trujillo,bajo
C00041,27,2494.39,3069.14,24,0,0,Lima,bajo
C00042,61,876.31,3027.77,12,3,1,Arequipa,medio
C00043,20,2801.83,522.4,36,3,1,Lima,bajo
C00044,19,877.03,7298.71,60,2,0,Lima,medio
C00045,68,1511.08,-578.14,36,4,0,Arequipa,bajo
C00046,23,2280.77,7168.2,48,4,1,Cusco,bajo
C00047,66,1267.68,6303.06,12,1,1,Piura,medio
C00048,38,1671.94,7417.39,48,3,1,Arequipa,bajo
C00049,23,1969.86,3251.32,36,4,2,Lima,bajo
C00050,63,1373.88,7044.5,12,3,1,Arequipa,medio
C00051,69,2437.12,4761.86,24,0,1,Lima,bajo
C00052,33,1856.46,5085.22,48,2,0,Cusco,bajo
C00053,20,2181.53,-778.35,24,0,1,Lima,bajo
C00054,18,1989.97,7178.12,24,3,0,Cusco,bajo
C00055,36,1463.39,2370.41,36,0,2,Arequipa,medio
C00056,58,2377.03,6021.7,12,1,0,Piura,bajo
C00057,28,2017.58,4097.03,48,1,0,Piura,bajo
C00058,49,2138.36,1867.69,12,2,0,Trujillo,bajo
C00059,50,1320.23,5090.96,36,6,1,Arequipa,alto
C00060,34,1971.88,3137.53,36,2,0,Lima,bajo
C00061,42,1974.76,2401.14,36,1,0,Lima,bajo
C00062,38,1033.49,4849.9,48,1,1,Piura,medio
C00063,65,3392.62,4902.65,12,2,2,Trujillo,bajo
C00064,25,2248.56,2970.01,36,2,1,Cusco,bajo
C00065,35,3211.51,10797.57,48,3,1,Piura,medio
C00066,67,2171.36,4757.86,36,2,0,Piura,bajo
C00067,47,1919.32,2710.24,36,1,0,Cusco,bajo
C00068,27,2570.3,5630.67,12,2,0,Piura,bajo
C00069,67,627.32,1812.47,48,3,1,Arequipa,medio
C00070,41,2178.55,6673.28,48,7,1,Arequipa,alto
C00071,42,1684.68,5237.14,48,2,3,Trujillo,alto
C00072,31,2068.33,5875.08,36,1,0,Arequipa,bajo
C00073,60,1795.02,4411.97,36,6,0,Lima,alto
C00074,27,2064.98,4741.89,36,2,1,Lima,bajo
C00075,45,2141.03,4157.28,24,0,1,Piura,bajo
C00076,37,1724.35,10745.96,12,2,1,Lima,medio
C00077,24,867.82,3617.26,12,4,1,Arequipa,medio
C00078,25,2855.69,4303.17,60,2,1,Lima,bajo
C00079,23,2854.51,9071.74,48,2,1,Trujillo,bajo
C00080,29,969.13,3870.08,48,3,3,Trujillo,alto
C00081,43,3752.8,4995.7,60,1,2,Cusco,bajo
C00082,38,1683.19,6589.6,24,0,0,Trujillo,bajo
C00083,29,2566.71,2205.13,24,1,1,Arequipa,bajo
C00084,68,2642.12,6520.96,36,1,1,Cusco,bajo
C00085,30,2095.62,6634.91,36,0,2,Lima,bajo
C00086,62,1349.79,4580.91,36,1,0,Cusco,medio
C00087,64,2824.14,8077.56,24,3,1,Trujillo,bajo
C00088,21,3463.49,6762.83,24,2,4,Trujillo,alto
C00089,42,2724.35,4074.84,60,1,0,Lima,bajo
C00090,20,2164.78,5834.79,48,3,1,Arequipa,bajo
C00091,61,1318.72,2958.66,48,2,1,Piura,medio
C00092,27,1458.68,1768.44,48,1,1,Trujillo,medio
C00093,39,3619.25,8483.53,48,1,1,Lima,bajo
C00094,56,940.45,7394.49,36,1,1,Lima,medio
C00095,35,1757.93,4244.09,60,2,0,Piura,bajo
C00096,66,1308.91,4009.23,36,3,0,Piura,medio
C00097,49,2653.26,6496.59,12,2,1,Lima,bajo
C00098,34,2640.77,2749.48,12,4,0,Lima,bajo
C00099,51,1933.1,5204.65,12,1,1,Arequipa,bajo
C00100,68,1103.13,6276.04,24,1,1,Arequipa,medio
C00101,35,2634.89,3889.38,12,4,0,Piura,bajo
C00102,68,2532.75,6141.95,60,2,1,Cusco,bajo
C00103,37,1088.53,3234.51,48,2,2,Piura,medio
C00104,51,1850.48,5369.96,36,0,2,Lima,bajo
C00105,57,3395.03,8894.58,60,1,1,Trujillo,bajo
C00106,42,2856.44,10117.81,24,1,1,Lima,medio
C00107,35,3025.92,3172.4,36,2,0,Arequipa,bajo
C00108,48,2397.73,2215.9,24,2,1,Trujillo,bajo
C00109,28,1475.04,4222.3,24,1,1,Cusco,medio
C00110,35,1643.44,4591.37,24,5,1,Cusco,bajo
C00111,69,575.33,6665.57,36,2,1,Arequipa,medio
C00112,38,3130.05,277.77,48,2,0,Lima,bajo
C00113,58,2391.43,6035.54,24,1,1,Cusco,bajo
C00114,27,656.46,3442.23,36,1,0,Piura,medio
C00115,60,1940.38,8124.5,36,2,1,Cusco,bajo
C00116,38,788.17,674.41,60,3,2,Piura,medio
C00117,26,2253.46,5780.75,24,0,0,Cusco,bajo
C00118,19,2372.61,7066.01,36,2,1,Piura,bajo
C00119,64,1618.48,2752.37,24,2,0,Arequipa,bajo
C00120,31,1711.55,2606.25,24,3,1,Cusco,bajo
C00121,61,2804.26,2521.16,60,5,1,Trujillo,bajo
C00122,29,1716.02,8361.0,48,3,1,Trujillo,bajo
C00123,18,1884.82,4785.98,36,5,0,Trujillo,bajo
C00124,26,2162.29,6352.87,36,2,1,Trujillo,bajo
C00125,26,635.9,-1563.96,36,0,2,Arequipa,medio
C00126,18,3181.21,5939.03,24,3,0,Trujillo,bajo
C00127,55,1794.77,3598.51,60,1,1,Piura,bajo
C00128,23,2523.64,6029.83,48,2,0,Piura,bajo
C00129,50,2178.28,6476.57,36,2,0,Piura,bajo
C00130,25,2837.24,4876.35,48,1,1,Trujillo,bajo
C00131,23,1893.98,6455.66,48,2,0,Arequipa,bajo
C00132,47,2543.43,4878.21,48,2,0,Arequipa,bajo
C00133,40,2811.63,2419.18,36,0,4,Trujillo,alto
C00134,30,1463.7,7916.74,24,3,2,Lima,medio
C00135,38,1732.03,8893.92,36,1,2,Arequipa,bajo
C00136,63,994.25,1074.41,36,3,2,Piura,medio
C00137,19,4119.38,6654.14,36,2,1,Piura,bajo
C00138,44,2497.74,2857.38,36,2,0,Piura,bajo
C00139,36,2159.02,3294.34,36,2,0,Cusco,bajo
C00140,20,738.36,7073.25,36,2,3,Cusco,alto
C00141,67,2529.9,7810.84,12,0,1,Cusco,bajo
C00142,45,3590.0,7837.46,36,1,2,Piura,bajo
C00143,45,1325.36,4614.22,24,2,0,Piura,medio
C00144,38,2523.76,5880.71,36,0,2,Piura,bajo
C00145,30,2577.26,5399.21,48,1,0,Cusco,bajo
C00146,24,3020.63,1001.44,48,3,1,Arequipa,bajo
C00147,21,1014.61,3927.83,24,1,0,Lima,medio
C00148,55,1857.13,-248.68,36,0,3,Piura,alto
C00149,57,611.53,4215.35,24,5,1,Cusco,medio
C00150,42,1796.64,6466.41,24,1,1,Trujillo,bajo
C00151,66,1990.14,7197.04,36,2,0,Lima,bajo
C00152,37,2154.06,4246.77,48,1,0,Arequipa,bajo
C00153,58,1837.91,4613.32,48,3,0,Trujillo,bajo
C00154,27,2355.72,3289.44,36,3,2,Arequipa,bajo
C00155,21,2230.17,8598.54,24,2,0,Trujillo,bajo
C00156,25,1386.97,4637.06,24,3,0,Cusco,medio
C00157,22,2528.79,6810.16,60,2,0,Trujillo,bajo
C00158,28,1961.79,2573.7,36,2,0,Trujillo,bajo
C00159,50,1736.03,1472.54,48,3,1,Trujillo,bajo
C00160,22,2948.63,5739.17,36,2,3,Cusco,alto
C00161,53,1255.36,4477.51,36,4,0,Lima,medio
C00162,50,1982.31,3876.37,36,1,4,Piura,alto
C00163,23,1349.43,8074.93,60,1,0,Lima,medio
C00164,42,2540.24,10195.09,36,3,0,Trujillo,medio
C00165,54,2739.02,6136.91,36,0,1,Trujillo,bajo
C00166,33,2384.76,5654.16,12,3,1,Piura,bajo
C00167,61,1160.99,715.03,36,3,2,Piura,medio
C00168,21,1735.78,2892.96,24,1,0,Piura,bajo
C00169,68,-414.49,5263.56,36,0,0,Trujillo,medio
C00170,40,2231.54,9037.47,36,3,0,Cusco,bajo
C00171,37,2664.23,2648.86,48,1,1,Arequipa,bajo
C00172,32,2235.6,3466.19,24,2,0,Trujillo,bajo
C00173,30,2564.21,6545.86,24,3,0,Lima,bajo
C00174,51,1649.3,7064.51,24,2,1,Piura,bajo
C00175,69,1489.6,7442.26,36,0,0,Cusco,medio
C00176,32,2433.63,3545.14,36,2,0,Lima,bajo
C00177,52,1423.66,8005.7,24,1,0,Piura,medio
C00178,52,1255.61,5320.23,24,2,1,Arequipa,medio
C00179,67,2831.61,8256.78,36,3,0,Piura,bajo
C00180,26,1393.47,5187.93,36,1,0,Lima,medio
C00181,51,1815.49,2554.18,24,3,1,Cusco,bajo
C00182,36,1196.66,5079.08,36,0,0,Piura,medio
C00183,29,1759.57,5373.39,36,1,0,Cusco,bajo
C00184,34,1701.7,7012.17,36,3,0,Cusco,bajo
C00185,27,2327.04,-1252.56,36,1,1,Piura,bajo
C00186,50,1498.01,4543.95,36,2,0,Cusco,medio
C00187,40,1776.97,7441.74,36,3,1,Piura,bajo
C00188,58,4106.71,4506.4,36,1,2,Arequipa,bajo
C00189,48,1795.35,5362.22,24,2,1,Arequipa,bajo
C00190,36,1885.3,8339.29,36,6,0,Piura,alto
C00191,68,22.19,5727.75,60,2,0,Lima,medio
C00192,26,2720.52,3959.33,24,2,1,Arequipa,bajo
C00193,49,805.46,4818.94,12,1,1,Piura,medio
C00194,29,3242.22,5855.42,48,0,0,Trujillo,bajo
C00195,66,1254.86,3984.19,24,1,1,Cusco,medio
C00196,31,2879.17,3085.51,48,2,1,Lima,bajo
C00197,53,1215.44,7154.74,12,3,1,Cusco,medio
C00198,47,470.19,6374.14,24,3,0,Trujillo,medio
C00199,58,1927.27,6127.44,12,1,1,Trujillo,bajo
C00200,66,573.41,3003.67,24,0,1,Piura,medio
C00201,59,3109.13,729.24,24,6,1,Arequipa,alto
C00202,58,3192.9,1530.29,36,5,0,Piura,bajo
C00203,33,2776.81,5392.9,24,1,2,Arequipa,bajo
C00204,23,2895.52,2196.91,36,1,1,Lima,bajo
C00205,33,2097.43,6707.53,24,2,0,Arequipa,bajo
C00206,68,2615.03,3259.99,60,5,3,Lima,alto
C00207,33,1639.47,7974.04,36,2,1,Piura,bajo
C00208,61,1933.08,4639.85,36,1,2,Lima,bajo
C00209,57,2698.68,3649.27,36,1,2,Trujillo,bajo
C00210,30,1722.84,2968.9,36,5,4,Trujillo,alto
C00211,36,2725.63,2345.59,60,1,1,Trujillo,bajo
C00212,56,1899.42,6982.96,12,1,1,Trujillo,bajo
C00213,59,1826.71,1195.74,24,4,4,Arequipa,alto
C00214,41,2205.61,8933.83,60,2,2,Trujillo,bajo
C00215,36,1643.94,4342.85,48,1,2,Trujillo,bajo
C00216,26,1633.6,5331.65,48,3,1,Piura,bajo
C00217,52,1618.56,9532.94,24,2,1,Lima,bajo
C00218,68,1225.25,2720.93,24,3,0,Piura,medio
C00219,39,3065.48,3857.36,36,0,0,Trujillo,bajo
C00220,32,2743.47,5064.96,36,0,0,Arequipa,bajo
C00221,63,2023.08,4827.15,48,3,0,Trujillo,bajo
C00222,43,1955.44,4811.73,36,1,3,Cusco,alto
C00223,68,2187.25,5444.3,48,1,0,Lima,bajo
C00224,34,2556.81,1429.9,24,0,1,Lima,bajo
C00225,37,2901.46,-579.09,48,1,0,Arequipa,bajo
C00226,47,1180.75,7873.88,48,1,0,Arequipa,medio
C00227,37,2260.86,5272.31,60,2,1,Arequipa,bajo
C00228,27,2234.16,-92.41,48,4,0,Piura,bajo
C00229,41,2245.08,3846.32,36,3,1,Arequipa,bajo
C00230,53,3557.3,5223.66,36,2,1,Cusco,bajo
C00231,62,1735.68,7762.32,24,4,0,Trujillo,bajo
C00232,23,1444.88,6840.52,60,1,0,Trujillo,medio
C00233,27,1491.66,4439.04,48,0,0,Lima,medio
C00234,29,1826.24,4649.39,24,5,1,Cusco,bajo
C00235,20,1944.76,5490.77,36,1,0,Trujillo,bajo
C00236,23,1898.24,6346.11,48,4,1,Arequipa,bajo
C00237,47,1639.49,7919.06,36,0,0,Arequipa,bajo
C00238,23,1739.56,6563.97,36,3,0,Arequipa,bajo
C00239,55,1536.9,2203.73,12,3,0,Piura,bajo
C00240,33,3052.02,5073.41,36,0,1,Cusco,bajo
C00241,60,1681.62,8797.89,36,1,0,Cusco,bajo
C00242,28,243.18,5649.27,12,1,0,Trujillo,medio
C00243,36,999.64,6493.67,36,1,2,Cusco,medio
C00244,25,1777.36,4434.38,24,2,2,Cusco,bajo
C00245,54,2359.66,3574.79,24,0,0,Arequipa,bajo
C00246,35,1868.51,-1611.35,12,2,0,Cusco,bajo
C00247,64,2483.99,5306.25,24,4,3,Lima,alto
C00248,67,1988.31,5445.3,24,4,2,Trujillo,bajo
C00249,37,2223.64,7087.78,48,0,1,Cusco,bajo
C00250,28,1528.42,5994.73,24,3,1,Lima,bajo
C00251,31,2786.38,3871.61,36,2,0,Cusco,bajo
C00252,23,1028.16,9912.68,24,1,1,Piura,medio
C00253,64,2179.63,5992.6,12,2,0,Lima,bajo
C00254,53,2302.63,6824.35,24,1,0,Arequipa,bajo
C00255,20,2463.09,1564.97,12,0,2,Lima,bajo
C00256,58,1896.0,576.69,48,3,1,Arequipa,bajo
C00257,37,1001.26,684.16,36,1,2,Piura,medio
C00258,43,3377.65,6900.59,24,3,1,Cusco,bajo
C00259,46,1000.87,5661.5,24,3,1,Trujillo,medio
C00260,40,2177.65,9233.63,36,4,0,Arequipa,bajo
C00261,42,2954.12,7342.71,60,0,2,Piura,bajo
C00262,59,1285.06,4111.75,24,2,5,Piura,alto
C00263,27,1489.17,7557.67,36,2,1,Trujillo,medio
C00264,66,431.25,8589.05,36,2,0,Arequipa,medio
C00265,29,1406.98,1817.54,48,1,1,Cusco,medio
C00266,24,1944.3,5962.26,12,1,0,Trujillo,bajo
C00267,43,2713.08,4757.45,48,1,1,Lima,bajo
C00268,30,1176.63,6699.96,36,1,1,Cusco,medio
C00269,42,2913.42,7311.16,36,2,1,Cusco,bajo
C00270,69,2339.82,2367.59,36,3,1,Lima,bajo
C00271,20,1965.7,8723.64,60,2,1,Piura,bajo
C00272,23,1760.09,7351.81,48,3,0,Cusco,bajo
C00273,61,1074.29,5546.62,36,3,1,Lima,medio
C00274,23,2476.77,4995.69,48,1,1,Arequipa,bajo
C00275,31,2238.9,1563.56,36,1,1,Piura,bajo
C00276,23,1698.81,4074.86,36,1,0,Trujillo,bajo
C00277,36,2665.33,8356.31,36,1,1,Piura,bajo
C00278,45,1201.08,10364.09,24,2,0,Piura,medio
C00279,23,1539.05,3327.6,12,1,2,Trujillo,bajo
C00280,19,462.16,5655.83,36,1,1,Piura,medio
C00281,47,2688.23,4866.35,24,0,1,Cusco,bajo
C00282,19,1805.15,3979.37,60,3,1,Arequipa,bajo
C00283,64,736.86,2575.5,48,3,1,Trujillo,medio
C00284,37,1249.13,10233.48,36,2,1,Piura,medio
C00285,60,1359.53,4973.22,24,1,0,Cusco,medio
C00286,53,2643.28,6511.95,36,3,0,Cusco,bajo
C00287,32,1985.24,5280.81,12,2,0,Arequipa,bajo
C00288,21,3674.96,5914.33,24,2,4,Cusco,alto
C00289,39,3432.81,5125.76,24,1,3,Arequipa,alto
C00290,41,1459.26,2812.25,12,3,1,Arequipa,medio
C00291,58,3472.0,6682.79,24,1,0,Cusco,bajo
C00292,59,3298.91,5454.72,48,1,0,Trujillo,bajo
C00293,63,2537.94,4342.65,36,1,3,Cusco,alto
C00294,58,1774.4,2159.21,24,2,0,Piura,bajo
C00295,21,1451.62,3399.46,12,5,0,Lima,medio
C00296,45,2501.16,3683.38,36,1,1,Piura,bajo
C00297,66,2700.16,5957.37,36,0,1,Trujillo,bajo
C00298,61,2489.3,6443.52,48,2,2,Trujillo,bajo
C00299,43,1688.33,744.39,24,2,1,Arequipa,bajo
C00300,37,2570.7,2929.73,36,1,4,Trujillo,alto
C00301,48,535.93,3441.15,36,0,0,Trujillo,medio
C00302,55,2854.93,7941.88,48,0,0,Piura,bajo
C00303,30,2430.35,2803.73,24,2,1,Trujillo,bajo
C00304,62,3034.91,6423.79,60,3,0,Arequipa,bajo
C00305,55,3412.51,3669.12,36,4,1,Trujillo,bajo
C00306,69,2360.29,7176.86,36,3,3,Lima,alto
C00307,29,1732.68,1521.88,60,1,1,Piura,bajo
C00308,36,2180.37,5060.66,36,2,1,Trujillo,bajo
C00309,46,1774.6,10781.01,48,4,0,Trujillo,medio
C00310,18,1339.69,1960.34,36,3,2,Cusco,medio
C00311,39,2226.82,2388.06,24,0,2,Cusco,bajo
C00312,68,2804.22,3207.94,36,2,1,Piura,bajo
C00313,23,3274.48,6173.64,12,3,4,Lima,alto
C00314,37,2445.3,1798.63,36,4,1,Arequipa,bajo
C00315,50,2559.91,3046.37,36,2,1,Arequipa,bajo
C00316,58,810.99,7248.36,60,2,1,Trujillo,medio
C00317,32,1369.43,6172.0,36,2,0,Arequipa,medio
C00318,27,3371.07,1650.19,24,5,4,Trujillo,alto
C00319,37,1530.84,5708.78,48,1,0,Lima,bajo
C00320,36,1339.41,3118.27,24,6,1,Arequipa,alto
C00321,34,1743.46,3892.09,36,3,1,Arequipa,bajo
C00322,42,2178.91,4560.45,36,3,0,Trujillo,bajo
C00323,68,2921.18,3374.58,12,5,1,Trujillo,bajo
C00324,65,600.48,3355.88,36,2,0,Cusco,medio
C00325,57,1350.31,4018.85,24,0,0,Trujillo,medio
C00326,40,1356.84,4696.76,36,1,0,Piura,medio
C00327,56,4055.49,4725.69,48,5,3,Trujillo,alto
C00328,49,1267.02,-830.04,36,1,0,Piura,medio
C00329,69,2027.64,5956.78,60,3,2,Arequipa,bajo
C00330,56,3605.71,8878.57,36,6,0,Cusco,alto
C00331,53,3228.57,7958.57,48,1,1,Piura,bajo
C00332,58,2485.14,6570.39,24,1,0,Piura,bajo
C00333,41,902.3,6647.85,12,1,1,Arequipa,medio
C00334,49,950.44,8854.7,12,1,0,Piura,medio
C00335,62,2057.54,5625.55,48,1,0,Arequipa,bajo
C00336,25,2311.73,7847.56,36,2,1,Arequipa,bajo
C00337,69,1899.17,7188.16,60,1,0,Trujillo,bajo
C00338,22,2082.18,5271.22,24,7,0,Arequipa,alto
C00339,50,2031.84,6276.05,36,1,0,Arequipa,bajo
C00340,59,1887.64,3777.84,36,2,1,Piura,bajo
C00341,29,1127.67,4449.36,48,3,3,Arequipa,alto
C00342,21,3140.45,6837.5,36,0,1,Trujillo,bajo
C00343,58,2420.75,6489.01,12,0,1,Lima,bajo
C00344,19,1176.97,4408.61,36,0,0,Lima,medio
C00345,46,760.49,4364.49,48,3,1,Cusco,medio
C00346,19,2850.69,2074.85,36,2,0,Trujillo,bajo
C00347,69,1829.43,5034.42,36,2,0,Trujillo,bajo
C00348,42,2250.67,9019.65,24,1,1,Trujillo,bajo
C00349,66,2840.44,9223.73,36,0,2,Trujillo,bajo
C00350,24,736.89,9307.3,48,3,1,Trujillo,medio
C00351,21,1755.48,6300.04,36,2,2,Arequipa,bajo
C00352,53,2223.18,-186.98,48,0,1,Arequipa,bajo
C00353,65,2491.71,642.03,36,1,2,Arequipa,bajo
C00354,58,2966.07,5892.56,48,1,1,Lima,bajo
C00355,18,908.54,8679.6,24,2,0,Trujillo,medio
C00356,44,2334.18,4940.6,24,3,1,Cusco,bajo
C00357,30,2828.1,6437.82,36,2,1,Arequipa,bajo
C00358,27,809.46,4852.38,48,4,1,Cusco,medio
C00359,31,1990.68,4569.17,36,0,0,Cusco,bajo
C00360,32,3078.32,5326.93,36,2,0,Piura,bajo
C00361,44,2656.78,5028.14,36,4,0,Lima,bajo
C00362,63,644.48,4801.65,24,2,1,Trujillo,medio
C00363,35,3127.14,5912.52,24,3,1,Cusco,bajo
C00364,63,1832.24,3330.98,24,2,0,Trujillo,bajo
C00365,39,2276.49,2441.04,48,2,1,Lima,bajo
C00366,40,1325.43,3068.78,36,1,0,Cusco,medio
C00367,53,1888.23,7020.07,24,3,0,Piura,bajo
C00368,68,2739.75,2748.46,36,3,4,Arequipa,alto
C00369,42,1599.65,1041.42,24,1,6,Cusco,alto
C00370,51,2263.34,-1548.69,24,2,1,Arequipa,bajo
C00371,65,425.39,5030.61,60,3,0,Piura,medio
C00372,33,2837.62,2821.52,48,2,1,Trujillo,bajo
C00373,37,2386.26,3493.28,12,0,2,Lima,bajo
C00374,23,1416.57,4674.91,48,3,0,Cusco,medio
C00375,61,1740.75,6616.17,48,4,2,Trujillo,bajo
C00376,43,2468.65,2114.63,36,4,3,Piura,alto
C00377,47,2733.36,3777.41,24,1,1,Cusco,bajo
C00378,52,3352.59,2706.86,24,1,0,Trujillo,bajo
C00379,19,1140.97,2950.49,24,0,2,Arequipa,medio
C00380,62,1939.05,6408.57,48,3,2,Piura,bajo
C00381,45,1427.76,5009.37,12,3,0,Lima,medio
C00382,18,1804.28,6259.05,48,4,4,Piura,alto
C00383,46,1213.2,5454.84,24,2,2,Trujillo,medio
C00384,25,2441.77,7324.79,12,2,0,Trujillo,bajo
C00385,56,1000.65,4510.21,48,2,1,Trujillo,medio
C00386,46,1924.84,3608.46,24,3,1,Cusco,bajo
C00387,66,1888.74,3715.12,24,1,1,Trujillo,bajo
C00388,25,1956.36,3068.59,36,3,0,Cusco,bajo
C00389,28,2773.54,8011.19,48,1,0,Trujillo,bajo
C00390,51,4119.52,4008.46,60,3,2,Trujillo,bajo
C00391,47,1199.59,5469.96,60,4,0,Cusco,medio
C00392,19,2625.46,5403.12,36,5,0,Lima,bajo
C00393,56,3782.36,8085.21,12,1,0,Piura,bajo
C00394,32,2068.88,7682.85,48,3,1,Lima,bajo
C00395,38,1375.61,6641.43,48,1,2,Piura,medio
C00396,60,2469.21,5802.03,36,2,0,Lima,bajo
C00397,33,2020.92,6951.46,24,3,2,Arequipa,bajo
C00398,29,1889.72,-2748.77,36,1,0,Lima,bajo
C00399,19,1877.66,3397.09,36,3,1,Lima,bajo
C00400,38,2292.11,2224.21,48,6,0,Lima,alto
C00401,31,1825.41,1750.59,24,2,2,Piura,bajo
C00402,68,2079.61,5747.13,24,3,0,Trujillo,bajo
C00403,32,2184.74,1542.68,36,3,1,Trujillo,bajo
C00404,27,2584.03,5636.88,36,4,1,Piura,bajo
C00405,21,3044.06,8986.1,24,1,1,Trujillo,bajo
C00406,44,900.86,9285.3,24,2,1,Arequipa,medio
C00407,42,2639.19,3230.78,36,2,2,Piura,bajo
C00408,37,1998.16,3866.52,36,2,0,Lima,bajo
C00409,47,1921.35,3709.15,60,2,1,Cusco,bajo
C00410,38,1778.69,3310.56,48,1,0,Trujillo,bajo
C00411,37,2492.13,6692.93,36,1,2,Trujillo,bajo
C00412,22,1509.02,3705.12,12,1,0,Arequipa,bajo
C00413,18,2232.79,2937.46,36,5,0,Lima,bajo
C00414,29,1643.57,6425.89,48,1,1,Cusco,bajo
C00415,20,1564.06,4567.1,36,1,1,Arequipa,bajo
C00416,51,2646.6,6596.69,12,4,1,Lima,bajo
C00417,47,2231.71,4029.66,36,1,1,Trujillo,bajo
C00418,51,1869.51,10622.99,60,2,2,Piura,medio
C00419,18,2507.04,6155.8,36,2,2,Cusco,bajo
C00420,57,2177.9,8997.74,48,2,0,Lima,bajo
C00421,27,1166.82,2852.1,36,5,1,Arequipa,medio
C00422,33,1461.26,7428.28,24,2,2,Lima,medio
C00423,64,2350.49,3779.05,36,0,0,Cusco,bajo
C00424,57,910.84,2709.97,24,1,2,Cusco,medio
C00425,18,2562.67,6373.81,24,5,1,Arequipa,bajo
C00426,65,1978.58,2962.09,36,1,2,Trujillo,bajo
C00427,58,1233.09,6624.83,36,4,1,Piura,medio
C00428,51,904.89,1684.23,60,3,3,Piura,alto
C00429,35,2665.45,8274.05,36,2,3,Arequipa,alto
C00430,33,1278.07,5788.91,36,3,1,Piura,medio
C00431,58,921.49,4581.08,24,3,1,Piura,medio
C00432,67,1114.91,9145.32,24,7,1,Piura,alto
C00433,68,3203.76,3540.97,36,1,0,Trujillo,bajo
C00434,28,2473.56,6783.71,24,2,1,Piura,bajo
C00435,48,3155.47,3900.26,36,2,1,Cusco,bajo
C00436,49,1829.95,-978.31,60,4,0,Piura,bajo
C00437,35,2465.21,10555.28,48,2,1,Piura,medio
C00438,35,2047.51,7175.64,36,2,1,Piura,bajo
C00439,51,2684.35,3446.73,24,1,1,Trujillo,bajo
C00440,32,1200.85,6462.37,48,3,0,Trujillo,medio
C00441,30,2158.59,5586.03,36,1,2,Arequipa,bajo
C00442,69,1771.77,7127.4,24,2,1,Piura,bajo
C00443,58,2475.98,3207.6,24,4,1,Piura,bajo
C00444,45,3227.76,8640.06,12,2,2,Trujillo,bajo
C00445,60,1766.2,5699.66,36,3,0,Trujillo,bajo
C00446,38,2539.91,6331.87,24,1,1,Trujillo,bajo
C00447,43,1467.21,8336.78,36,0,1,Trujillo,medio
C00448,68,2112.04,1655.63,48,1,1,Piura,bajo
C00449,22,2996.89,9116.47,36,3,1,Trujillo,bajo
C00450,32,2993.27,421.61,24,2,1,Arequipa,bajo
C00451,42,1829.48,-1099.39,60,1,3,Cusco,alto
C00452,45,2212.65,2930.44,60,5,0,Lima,bajo
C00453,28,1389.44,4381.95,60,7,2,Arequipa,alto
C00454,64,2338.34,8298.49,36,1,2,Cusco,bajo
C00455,36,961.81,7186.12,24,1,1,Arequipa,medio
C00456,66,897.13,5692.09,48,1,2,Cusco,medio
C00457,58,2631.41,1612.45,48,0,1,Lima,bajo
C00458,18,3719.7,5516.43,24,3,1,Piura,bajo
C00459,30,2551.87,5293.88,24,1,2,Lima,bajo
C00460,18,2679.45,4086.18,24,4,1,Arequipa,bajo
C00461,47,2075.52,5088.78,36,1,2,Lima,bajo
C00462,28,1218.74,6679.3,12,1,2,Trujillo,medio
C00463,21,2777.55,9912.25,36,0,4,Arequipa,alto
C00464,52,1509.85,2604.24,24,2,0,Lima,bajo
C00465,48,2932.67,4391.95,36,6,2,Piura,alto
C00466,58,1883.07,5469.32,36,3,1,Piura,bajo
C00467,27,3528.3,2948.56,24,2,2,Lima,bajo
C00468,64,1934.44,6331.89,60,0,0,Cusco,bajo
C00469,60,1415.65,8971.17,24,3,3,Trujillo,alto
C00470,20,3080.82,5751.71,24,4,0,Piura,bajo
C00471,63,557.35,3064.04,36,6,0,Cusco,alto
C00472,37,2176.63,3933.27,12,2,1,Arequipa,bajo
C00473,23,1875.74,5372.97,60,1,5,Cusco,alto
C00474,22,830.94,7528.45,36,2,2,Piura,medio
C00475,56,1873.36,6287.83,48,2,2,Cusco,bajo
C00476,36,1744.35,4591.14,48,5,0,Lima,bajo
C00477,31,1309.71,3547.37,24,1,0,Arequipa,medio
C00478,39,976.63,4500.46,36,5,0,Cusco,medio
C00479,57,2915.73,5515.72,24,3,1,Piura,bajo
C00480,20,2719.74,1975.45,24,2,0,Trujillo,bajo
C00481,47,3186.88,8891.93,12,4,3,Piura,alto
C00482,51,642.54,6213.3,36,1,2,Cusco,medio
C00483,63,2397.1,6645.66,24,0,1,Trujillo,bajo
C00484,40,2114.96,2437.2,24,2,0,Piura,bajo
C00485,46,1500.93,2152.47,36,2,2,Piura,bajo
C00486,22,2690.89,904.29,24,2,0,Trujillo,bajo
C00487,61,2512.1,5417.78,48,0,2,Cusco,bajo
C00488,22,2107.85,4614.38,36,3,0,Arequipa,bajo
C00489,47,1473.32,3555.02,48,1,2,Trujillo,medio
C00490,54,1805.48,5879.26,48,2,0,Lima,bajo
C00491,33,1489.03,2906.7,48,1,1,Cusco,medio
C00492,30,1949.12,1382.11,48,3,3,Arequipa,alto
C00493,27,1620.55,4432.85,60,2,2,Arequipa,bajo
C00494,23,2200.85,3872.87,48,2,2,Cusco,bajo
C00495,48,1560.61,5492.61,48,2,0,Cusco,bajo
C00496,36,1793.06,2392.64,24,2,5,Lima,alto
C00497,57,953.65,7398.24,36,1,0,Trujillo,medio
C00498,64,2106.57,11832.79,48,4,4,Piura,alto
C00499,68,1627.43,5218.99,36,1,1,Trujillo,bajo
C00500,58,2443.0,3809.09,60,4,1,Piura,bajo
C00501,24,1260.48,4340.95,36,2,0,Arequipa,medio
C00502,44,1955.57,5651.08,36,2,2,Piura,bajo
C00503,21,1342.26,5664.55,36,0,1,Trujillo,medio
C00504,68,2172.76,814.22,36,1,1,Cusco,bajo
C00505,19,2341.15,4171.38,60,3,1,Cusco,bajo
C00506,57,2659.24,7493.42,48,1,0,Trujillo,bajo
C00507,44,1560.3,5887.52,12,3,1,Arequipa,bajo
C00508,33,1586.33,4721.68,36,1,0,Piura,bajo
C00509,64,-136.37,1205.56,48,3,2,Trujillo,medio
C00510,46,818.58,7857.21,24,1,1,Trujillo,medio
C00511,40,3213.0,4560.52,36,2,1,Piura,bajo
C00512,27,2081.57,6734.59,48,2,0,Piura,bajo
C00513,26,2765.84,3345.08,36,2,2,Trujillo,bajo
C00514,54,1379.22,4078.23,36,1,1,Trujillo,medio
C00515,19,1373.46,5308.28,60,3,1,Piura,medio
C00516,52,2174.66,8332.8,24,2,0,Lima,bajo
C00517,57,1818.61,8465.85,36,0,1,Piura,bajo
C00518,43,1431.0,691.2,36,2,3,Lima,alto
C00519,39,2140.94,2898.31,36,1,2,Trujillo,bajo
C00520,30,2806.13,4172.94,48,1,1,Arequipa,bajo
C00521,31,1952.47,3815.68,48,0,4,Lima,alto
C00522,45,1923.58,2603.25,48,3,1,Arequipa,bajo
C00523,40,2625.2,9805.02,24,1,1,Lima,bajo
C00524,58,1108.35,9196.03,12,1,0,Arequipa,medio
C00525,38,2047.59,1201.52,48,0,1,Trujillo,bajo
C00526,51,735.8,9749.26,24,4,1,Trujillo,medio
C00527,39,1970.71,3331.2,24,2,2,Lima,bajo
C00528,56,3569.62,5842.9,36,3,3,Cusco,alto
C00529,29,1757.52,6724.75,48,1,1,Cusco,bajo
C00530,22,1441.76,2773.54,48,3,1,Arequipa,medio
C00531,63,3082.08,4305.44,60,3,1,Trujillo,bajo
C00532,19,1277.18,6186.57,36,2,1,Lima,medio
C00533,46,2111.79,3959.22,36,4,0,Cusco,bajo
C00534,59,3618.74,6559.87,24,2,1,Lima,bajo
C00535,67,2499.35,8963.01,24,2,1,Cusco,bajo
C00536,23,1354.02,4354.48,36,1,0,Lima,medio
C00537,41,1515.56,6972.12,36,2,2,Lima,bajo
C00538,33,2813.97,10169.86,24,6,1,Trujillo,alto
C00539,38,2510.86,3091.22,36,0,0,Piura,bajo
C00540,22,2049.78,4290.48,60,1,1,Arequipa,bajo
C00541,39,1487.39,5287.72,36,2,0,Arequipa,medio
C00542,65,2236.07,10094.96,60,1,0,Trujillo,medio
C00543,20,1973.65,8868.03,60,0,0,Cusco,bajo
C00544,61,1139.69,7475.45,36,2,0,Piura,medio
C00545,27,1011.15,1062.07,36,4,1,Trujillo,medio
C00546,26,243.68,2840.05,36,3,0,Trujillo,medio
C00547,35,2569.25,2876.8,36,2,0,Cusco,bajo
C00548,62,291.33,5128.99,36,2,0,Trujillo,medio
C00549,46,1348.55,6544.8,36,1,0,Piura,medio
C00550,57,1893.67,5563.97,36,0,0,Arequipa,bajo
C00551,41,1846.72,6511.96,12,1,2,Cusco,bajo
C00552,40,2339.28,8136.84,36,0,5,Arequipa,alto
C00553,55,1659.73,3293.31,48,6,3,Arequipa,alto
C00554,67,3130.15,2088.71,36,3,2,Trujillo,bajo
C00555,60,2120.09,8451.35,48,1,1,Piura,bajo
C00556,66,1565.97,5768.57,36,2,4,Arequipa,alto
C00557,61,2137.31,5177.83,36,2,1,Piura,bajo
C00558,67,3603.01,565.2,36,3,2,Piura,bajo
C00559,62,1290.95,3123.39,24,0,0,Lima,medio
C00560,53,2138.71,2833.35,24,1,0,Lima,bajo
C00561,67,1836.8,3334.0,48,5,2,Piura,bajo
C00562,31,2798.94,6413.49,36,2,0,Cusco,bajo
C00563,45,2524.71,1500.54,36,4,0,Lima,bajo
C00564,69,2184.71,3243.46,60,2,1,Arequipa,bajo
C00565,66,2195.52,5159.01,12,3,2,Piura,bajo
C00566,31,1941.56,4692.96,60,3,4,Trujillo,alto
C00567,27,843.72,7230.89,60,1,0,Trujillo,medio
C00568,39,255.54,7551.53,36,3,0,Trujillo,medio
C00569,62,1745.59,3348.27,24,0,0,Trujillo,bajo
C00570,30,1322.78,5264.92,48,1,2,Piura,medio
C00571,31,2136.46,7390.18,24,2,2,Piura,bajo
C00572,56,2447.17,7343.63,36,0,1,Cusco,bajo
C00573,66,1577.05,5507.45,48,1,0,Lima,bajo
C00574,43,2506.63,2680.57,36,1,3,Piura,alto
C00575,32,1727.22,8041.81,36,1,1,Piura,bajo
C00576,20,2038.33,3705.69,12,1,0,Cusco,bajo
C00577,26,549.73,8959.92,60,1,1,Lima,medio
C00578,49,2017.49,4862.5,36,0,0,Piura,bajo
C00579,51,1195.58,6607.96,60,1,1,Cusco,medio
C00580,56,2689.45,4891.36,12,3,3,Trujillo,alto
C00581,69,1894.78,8932.26,48,2,1,Piura,bajo
C00582,39,1944.58,7501.76,12,1,1,Trujillo,bajo
C00583,68,2325.4,2525.91,36,3,2,Lima,bajo
C00584,33,1916.97,5559.85,36,0,0,Trujillo,bajo
C00585,58,1825.36,5056.46,24,0,0,Trujillo,bajo
C00586,28,1385.5,203.12,12,0,1,Cusco,medio
C00587,23,3028.72,2230.45,24,2,0,Trujillo,bajo
C00588,29,2384.62,1614.65,12,1,1,Lima,bajo
C00589,66,2744.32,6777.63,12,2,0,Trujillo,bajo
C00590,26,1751.7,3801.98,24,2,1,Lima,bajo
C00591,19,2768.61,7756.16,12,0,0,Trujillo,bajo
C00592,37,1967.36,3466.36,24,1,5,Trujillo,alto
C00593,42,2261.51,-1204.0,24,1,1,Piura,bajo
C00594,45,2508.13,6015.39,36,1,3,Cusco,alto
C00595,51,1898.3,7175.15,12,1,1,Trujillo,bajo
C00596,45,1968.79,378.22,60,1,1,Arequipa,bajo
C00597,46,775.77,7255.03,24,4,1,Cusco,medio
C00598,49,1480.7,4739.28,48,2,1,Trujillo,medio
C00599,18,1916.28,4419.34,24,4,1,Piura,bajo
C00600,32,3147.81,185.73,36,0,1,Cusco,bajo
C00601,50,2034.0,6847.81,36,2,1,Cusco,bajo
C00602,55,2477.35,4935.42,12,2,0,Cusco,bajo
C00603,48,1634.82,7397.41,24,3,1,Cusco,bajo
C00604,61,2743.58,9293.75,36,1,2,Piura,bajo
C00605,57,3601.65,3853.26,24,3,1,Trujillo,bajo
C00606,18,2987.34,5838.96,36,2,1,Lima,bajo
C00607,49,494.2,8588.88,48,2,0,Arequipa,medio
C00608,41,2183.67,5646.07,24,0,1,Arequipa,bajo
C00609,33,1687.0,6167.45,60,2,2,Trujillo,bajo
C00610,64,2560.77,4472.09,12,3,1,Cusco,bajo
C00611,51,2086.44,5062.8,24,4,1,Arequipa,bajo
C00612,38,3285.81,7206.98,48,1,0,Cusco,bajo
C00613,26,2506.19,4315.12,24,4,1,Lima,bajo
C00614,58,2206.64,5410.19,36,2,0,Trujillo,bajo
C00615,47,2260.44,2858.2,36,6,3,Lima,alto
C00616,36,2214.62,5648.24,12,2,0,Cusco,bajo
C00617,47,789.55,6817.91,36,1,1,Arequipa,medio
C00618,39,2144.57,6448.1,24,2,0,Lima,bajo
C00619,39,1527.0,5523.38,24,5,0,Lima,bajo
C00620,53,2514.01,1769.75,36,1,1,Arequipa,bajo
C00621,20,1036.61,4872.71,48,1,3,Arequipa,alto
C00622,64,2306.39,3391.13,24,1,4,Cusco,alto
C00623,62,431.82,1858.89,48,0,1,Piura,medio
C00624,69,1841.01,4591.77,48,1,1,Piura,bajo
C00625,31,2933.32,5800.78,60,1,1,Lima,bajo
C00626,61,2577.8,6819.19,36,4,2,Piura,bajo
C00627,37,2419.28,8519.72,12,1,1,Cusco,bajo
C00628,33,1095.42,7625.16,60,2,0,Piura,medio
C00629,30,3189.47,1189.19,36,1,1,Arequipa,bajo
C00630,50,1506.53,7383.68,36,1,1,Cusco,bajo
C00631,24,3068.36,5039.03,24,1,2,Arequipa,bajo
C00632,38,2607.8,1618.59,36,1,3,Arequipa,alto
C00633,59,903.6,11268.07,12,3,0,Cusco,medio
C00634,22,3071.16,3222.61,60,2,1,Piura,bajo
C00635,41,2574.98,9179.32,24,3,0,Arequipa,bajo
C00636,34,1928.9,3032.41,60,6,2,Piura,alto
C00637,19,2300.78,-1079.48,48,3,1,Trujillo,bajo
C00638,19,559.71,6329.69,36,3,0,Cusco,medio
C00639,61,670.94,7060.96,36,4,0,Arequipa,medio
C00640,50,709.3,6423.04,24,4,0,Trujillo,medio
C00641,58,1247.59,6568.37,24,2,3,Piura,alto
C00642,55,2144.31,1750.24,24,3,3,Piura,alto
C00643,28,2665.66,8285.04,36,2,0,Piura,bajo
C00644,59,2192.12,3695.0,12,2,1,Trujillo,bajo
C00645,33,1590.31,3959.16,36,2,0,Arequipa,bajo
C00646,30,2040.45,7654.83,12,2,0,Lima,bajo
C00647,58,3569.9,3424.67,48,2,0,Cusco,bajo
C00648,63,1492.97,8083.64,12,2,0,Cusco,medio
C00649,18,1611.51,6182.1,36,1,1,Arequipa,bajo
C00650,64,2309.85,3907.67,24,2,0,Piura,bajo
C00651,21,2866.85,-1625.51,24,1,2,Cusco,bajo
C00652,30,1424.65,7374.92,24,1,3,Arequipa,alto
C00653,61,1415.3,6169.69,60,1,0,Lima,medio
C00654,39,2916.01,9548.12,60,4,0,Cusco,bajo
C00655,33,2816.62,6216.07,24,2,1,Piura,bajo
C00656,45,3038.31,-1648.25,36,0,2,Arequipa,bajo
C00657,19,236.67,6306.96,36,3,1,Piura,medio
C00658,69,2082.18,3161.7,24,2,2,Piura,bajo
C00659,33,2355.19,6224.54,36,2,1,Arequipa,bajo
C00660,31,3026.56,5560.41,36,2,1,Arequipa,bajo
C00661,62,615.27,642.64,60,3,1,Trujillo,medio
C00662,46,3055.76,6374.76,36,2,1,Arequipa,bajo
C00663,47,2692.82,2910.48,60,3,0,Cusco,bajo
C00664,64,2013.59,2554.34,36,3,3,Arequipa,alto
C00665,66,1433.61,7778.05,12,0,0,Cusco,medio
C00666,21,1063.66,5763.27,48,1,1,Cusco,medio
C00667,57,2808.91,4000.52,24,0,1,Piura,bajo
C00668,29,3118.4,2520.45,24,0,1,Trujillo,bajo
C00669,25,2551.86,4404.33,48,2,1,Cusco,bajo
C00670,40,1616.38,4075.63,36,2,0,Lima,bajo
C00671,67,2020.24,2655.42,24,4,1,Trujillo,bajo
C00672,46,178.08,5215.64,36,3,0,Arequipa,medio
C00673,57,2209.62,5537.37,48,0,0,Arequipa,bajo
C00674,35,279.89,4335.15,24,4,1,Arequipa,medio
C00675,54,1000.1,5150.63,24,2,1,Lima,medio
C00676,25,2166.94,5331.84,36,1,0,Trujillo,bajo
C00677,19,1043.73,5074.54,24,6,1,Piura,alto
C00678,59,2145.75,8743.13,24,1,3,Lima,alto
C00679,33,1851.47,1225.13,48,1,1,Arequipa,bajo
C00680,26,2158.89,4067.45,36,1,1,Lima,bajo
C00681,50,2715.06,4784.45,36,3,1,Arequipa,bajo
C00682,45,3434.92,4963.63,48,5,1,Piura,bajo
C00683,28,1576.73,2289.23,36,2,1,Trujillo,bajo
C00684,41,2049.28,4173.83,24,2,0,Trujillo,bajo
C00685,34,1112.61,4371.96,12,2,1,Trujillo,medio
C00686,56,1404.93,1952.1,48,5,0,Arequipa,medio
C00687,49,2789.02,1328.97,24,2,1,Lima,bajo
C00688,53,1181.4,7429.71,48,3,3,Arequipa,alto
C00689,34,1326.88,3622.15,48,1,0,Cusco,medio
C00690,50,3101.74,7874.08,60,4,2,Trujillo,bajo
C00691,54,1838.33,2245.29,36,3,1,Trujillo,bajo
C00692,46,2987.61,4808.07,48,1,1,Arequipa,bajo
C00693,41,4022.32,7404.08,48,0,1,Piura,bajo
C00694,29,2213.48,9269.92,36,1,0,Piura,bajo
C00695,54,2234.15,3216.25,12,1,2,Lima,bajo
C00696,33,1304.1,4660.65,36,3,2,Lima,medio
C00697,55,1841.56,6334.23,60,1,1,Trujillo,bajo
C00698,55,815.9,3624.38,36,2,2,Trujillo,medio
C00699,33,1892.38,7475.32,36,4,0,Cusco,bajo
C00700,33,1556.82,4236.08,12,0,0,Lima,bajo
C00701,39,2692.8,10557.94,36,2,2,Cusco,medio
C00702,18,2214.01,1496.38,48,1,3,Lima,alto
C00703,36,2510.81,5907.15,24,0,1,Lima,bajo
C00704,44,2444.24,7121.98,60,2,1,Cusco,bajo
C00705,45,799.43,3671.72,36,3,1,Cusco,medio
C00706,42,907.11,3428.89,36,3,1,Trujillo,medio
C00707,44,1389.75,8741.3,36,3,0,Cusco,medio
C00708,54,3715.71,6770.12,48,3,0,Lima,bajo
C00709,18,1998.13,6103.01,36,3,1,Cusco,bajo
C00710,44,3505.89,4470.12,12,1,3,Arequipa,alto
C00711,36,2310.27,1321.49,48,4,0,Cusco,bajo
C00712,21,2516.21,8155.08,60,0,0,Cusco,bajo
C00713,20,2198.07,6459.77,36,3,1,Trujillo,bajo
C00714,19,2437.48,5937.26,48,4,1,Lima,bajo
C00715,24,1924.18,5035.9,24,2,0,Lima,bajo
C00716,32,1256.38,1558.19,36,1,0,Trujillo,medio
C00717,61,1960.18,3350.63,36,1,0,Piura,bajo
C00718,61,1117.35,9787.94,36,1,1,Trujillo,medio
C00719,33,1310.72,2455.93,12,4,1,Arequipa,medio
C00720,26,1222.69,5657.98,24,0,2,Piura,medio
C00721,69,1061.46,1192.27,24,3,0,Piura,medio
C00722,41,1981.73,4475.57,36,3,2,Cusco,bajo
C00723,50,2088.0,1867.96,36,1,2,Cusco,bajo
C00724,24,901.37,6425.51,60,2,0,Arequipa,medio
C00725,42,2542.04,2143.79,36,2,1,Lima,bajo
C00726,57,2083.86,3786.02,60,2,0,Piura,bajo
C00727,42,3282.8,2656.23,36,1,0,Trujillo,bajo
C00728,55,2857.13,1642.52,24,2,0,Lima,bajo
C00729,64,3179.17,5329.35,36,0,1,Arequipa,bajo
C00730,22,3123.71,5618.78,12,3,3,Cusco,alto
C00731,31,2679.06,7156.77,36,1,1,Piura,bajo
C00732,18,1103.18,2031.0,36,4,1,Cusco,medio
C00733,18,1973.25,4685.19,24,3,2,Arequipa,bajo
C00734,40,1505.99,3990.24,24,1,2,Arequipa,bajo
C00735,39,2051.54,5378.46,36,3,1,Piura,bajo
C00736,36,1560.05,7368.49,36,1,1,Arequipa,bajo
C00737,52,2917.62,1095.15,48,1,1,Lima,bajo
C00738,46,2277.99,2429.19,36,1,1,Arequipa,bajo
C00739,25,2438.57,5530.83,24,3,1,Arequipa,bajo
C00740,58,2759.74,7325.86,60,2,0,Arequipa,bajo
C00741,45,596.02,4821.83,36,2,0,Cusco,medio
C00742,38,1057.47,5650.67,24,2,1,Trujillo,medio
C00743,22,1487.63,3409.1,36,1,1,Lima,medio
C00744,64,2226.94,3661.25,60,3,0,Piura,bajo
C00745,35,1619.53,5241.38,24,2,2,Piura,bajo
C00746,61,1824.72,2444.97,24,1,0,Cusco,bajo
C00747,65,1097.51,3190.68,36,1,1,Arequipa,medio
C00748,61,2807.82,1885.4,24,1,2,Trujillo,bajo
C00749,43,1837.91,7597.37,48,1,3,Cusco,alto
C00750,24,1616.28,7470.91,60,3,2,Trujillo,bajo
C00751,50,843.66,8446.73,24,1,1,Cusco,medio
C00752,59,681.34,7861.31,36,3,0,Arequipa,medio
C00753,52,2770.54,6095.65,24,6,0,Trujillo,alto
C00754,37,1777.5,3125.39,24,3,0,Trujillo,bajo
C00755,50,2589.05,4491.92,48,0,1,Cusco,bajo
C00756,38,2328.68,4635.55,36,1,1,Piura,bajo
C00757,57,2213.23,-3206.98,36,1,1,Cusco,bajo
C00758,34,2915.26,3848.8,36,1,0,Arequipa,bajo
C00759,55,1720.27,7103.19,36,3,1,Lima,bajo
C00760,32,1098.61,3341.55,24,5,1,Arequipa,medio
C00761,66,1528.13,6897.85,36,0,3,Arequipa,alto
C00762,66,2626.74,2894.64,48,2,0,Piura,bajo
C00763,21,468.02,6965.99,36,3,0,Lima,medio
C00764,55,2222.81,4238.18,48,2,0,Lima,bajo
C00765,57,1174.52,2885.63,24,2,1,Cusco,medio
C00766,20,2559.06,5307.81,24,2,0,Trujillo,bajo
C00767,32,2381.52,9230.5,48,3,1,Arequipa,bajo
C00768,57,1787.66,797.54,24,0,2,Lima,bajo
C00769,37,3108.98,1159.03,60,5,0,Cusco,bajo
C00770,56,1633.01,4226.23,36,2,0,Piura,bajo
C00771,35,2551.84,-331.55,36,3,0,Piura,bajo
C00772,69,2249.77,11852.2,36,1,0,Trujillo,medio
C00773,42,2131.4,5731.75,48,2,1,Cusco,bajo
C00774,24,1218.07,5605.83,24,5,1,Lima,medio
C00775,39,2804.8,5837.07,48,5,4,Trujillo,alto
C00776,36,1219.01,635.48,24,1,2,Lima,medio
C00777,40,2726.83,777.99,60,2,1,Arequipa,bajo
C00778,67,1288.05,2774.87,60,0,2,Cusco,medio
C00779,60,1059.33,4899.58,12,3,0,Arequipa,medio
C00780,55,2132.74,11506.07,48,0,2,Cusco,medio
C00781,40,3500.79,4843.32,36,2,0,Arequipa,bajo
C00782,19,2823.09,6357.38,24,3,1,Arequipa,bajo
C00783,57,3185.55,7547.9,24,1,1,Arequipa,bajo
C00784,57,1973.08,5012.51,48,2,2,Trujillo,bajo
C00785,67,2318.52,6129.57,36,1,2,Trujillo,bajo
C00786,23,1348.62,2581.56,48,1,1,Lima,medio
C00787,19,3497.92,912.64,36,2,0,Arequipa,bajo
C00788,66,1839.61,6254.47,36,0,1,Piura,bajo
C00789,40,1283.9,4890.74,48,3,0,Cusco,medio
C00790,43,1860.54,6912.64,48,4,0,Cusco,bajo
C00791,20,2525.68,7612.69,60,2,0,Lima,bajo
C00792,62,2697.19,5743.67,36,2,0,Arequipa,bajo
C00793,19,2142.73,6219.68,12,0,1,Cusco,bajo
C00794,39,2154.87,7354.93,48,2,0,Cusco,bajo
C00795,37,1616.97,3036.69,36,2,2,Piura,bajo
C00796,20,1493.8,5005.72,36,1,2,Trujillo,medio
C00797,22,2006.49,6481.04,36,0,3,Piura,alto
C00798,33,1412.01,4620.1,48,0,1,Trujillo,medio
C00799,67,2128.85,2394.93,24,2,2,Lima,bajo
C00800,51,1258.1,8472.46,48,2,0,Cusco,medio
C00801,68,1202.78,-479.19,36,5,0,Cusco,medio
C00802,55,1523.95,1644.18,24,1,1,Lima,bajo
C00803,55,1594.31,5106.35,36,3,1,Arequipa,bajo
C00804,31,3249.46,6125.48,24,1,1,Piura,bajo
C00805,23,1537.03,3804.58,36,0,0,Lima,bajo
C00806,29,1739.3,2687.58,48,4,0,Lima,bajo
C00807,49,2665.99,7213.12,60,1,4,Arequipa,alto
C00808,37,3573.85,5333.49,36,0,0,Arequipa,bajo
C00809,64,3045.13,2268.12,12,1,0,Cusco,bajo
C00810,42,3123.3,1677.3,24,1,3,Cusco,alto
C00811,66,4448.34,4607.76,12,1,1,Piura,bajo
C00812,65,2751.03,9903.04,24,1,1,Trujillo,bajo
C00813,40,976.21,5818.57,24,2,0,Arequipa,medio
C00814,35,992.85,1990.95,12,1,1,Piura,medio
C00815,69,1519.22,6629.34,24,4,1,Cusco,bajo
C00816,36,1820.67,6025.79,36,1,0,Piura,bajo
C00817,65,709.18,4187.77,24,2,1,Trujillo,medio
C00818,67,1678.02,5458.38,24,2,4,Arequipa,alto
C00819,36,678.98,3254.5,24,1,1,Piura,medio
C00820,20,1742.89,5688.5,36,2,0,Lima,bajo
C00821,52,399.09,2282.36,48,2,0,Piura,medio
C00822,68,1411.05,4531.23,24,1,2,Cusco,medio
C00823,58,686.27,1135.96,36,2,0,Trujillo,medio
C00824,40,2728.42,10258.13,24,3,0,Lima,medio
C00825,24,2456.54,3480.94,60,6,1,Lima,alto
C00826,59,2002.72,8094.42,48,1,2,Piura,bajo
C00827,28,2063.7,5275.06,48,4,1,Cusco,bajo
C00828,56,1839.12,4209.86,36,2,0,Piura,bajo
C00829,40,1715.27,4875.99,36,2,1,Lima,bajo
C00830,46,-239.52,6969.15,36,1,1,Piura,medio
C00831,25,2068.01,6871.1,36,5,1,Piura,bajo
C00832,65,1578.79,6319.18,36,2,0,Trujillo,bajo
C00833,51,2560.55,-878.62,36,1,2,Trujillo,bajo
C00834,18,3440.63,4701.23,36,4,0,Arequipa,bajo
C00835,26,1969.98,5079.79,48,1,2,Lima,bajo
C00836,61,2001.41,2402.05,24,6,2,Arequipa,alto
C00837,59,1472.21,5472.2,36,2,0,Lima,medio
C00838,35,1758.28,4164.39,36,2,3,Arequipa,alto
C00839,40,870.77,1894.73,36,2,1,Trujillo,medio
C00840,65,1725.42,7454.36,36,1,0,Piura,bajo
C00841,63,2579.48,1774.07,60,4,1,Trujillo,bajo
C00842,69,1731.49,3901.65,60,3,1,Lima,bajo
C00843,32,750.68,4006.76,36,3,1,Trujillo,medio
C00844,39,2865.57,540.3,36,2,0,Lima,bajo
C00845,50,3000.69,4421.13,60,3,0,Cusco,bajo
C00846,68,2640.72,2797.73,24,1,1,Lima,bajo
C00847,66,1382.06,4558.0,60,2,2,Piura,medio
C00848,48,2044.77,7026.92,60,5,0,Arequipa,bajo
C00849,22,2193.74,3137.54,36,1,0,Lima,bajo
C00850,46,2360.02,4835.75,36,5,0,Arequipa,bajo
C00851,26,994.28,3127.77,48,1,2,Piura,medio
C00852,49,2163.14,2888.73,36,3,1,Trujillo,bajo
C00853,50,1988.06,689.62,48,1,3,Arequipa,alto
C00854,63,4298.35,3027.06,12,4,2,Arequipa,bajo
C00855,21,2267.59,5790.43,36,1,0,Lima,bajo
C00856,58,-276.0,3679.26,24,0,0,Trujillo,medio
C00857,69,2109.3,7729.39,36,2,1,Cusco,bajo
C00858,64,3051.3,8759.3,48,1,0,Trujillo,bajo
C00859,35,3177.1,6824.42,36,3,1,Arequipa,bajo
C00860,30,2359.56,3830.93,24,1,0,Trujillo,bajo
C00861,39,938.95,7292.71,36,1,0,Piura,medio
C00862,46,2232.15,4715.57,24,5,0,Piura,bajo
C00863,22,1754.96,6370.53,36,1,1,Cusco,bajo
C00864,53,1148.59,9744.32,24,3,1,Lima,medio
C00865,38,2234.95,2640.06,48,1,1,Arequipa,bajo
C00866,51,2376.76,8627.6,48,1,1,Cusco,bajo
C00867,45,2538.75,8149.17,48,3,1,Arequipa,bajo
C00868,36,1927.35,4296.79,12,1,3,Trujillo,alto
C00869,61,2175.94,2302.57,24,1,0,Trujillo,bajo
C00870,56,1884.28,4779.03,24,3,2,Arequipa,bajo
C00871,53,1486.11,4342.32,36,1,1,Piura,medio
C00872,30,2166.63,3496.15,36,1,1,Arequipa,bajo
C00873,43,2656.11,9164.31,24,3,1,Cusco,bajo
C00874,20,1968.45,12865.58,60,1,1,Cusco,medio
C00875,23,709.42,2509.97,24,2,2,Piura,medio
C00876,54,3576.08,5729.1,36,2,1,Lima,bajo
C00877,48,2260.2,6759.66,36,2,0,Piura,bajo
C00878,59,1548.96,2308.28,48,1,2,Cusco,bajo
C00879,48,1980.14,4131.87,36,1,2,Lima,bajo
C00880,29,2729.23,2378.58,24,1,0,Lima,bajo
C00881,47,2080.16,4971.71,48,2,0,Lima,bajo
C00882,27,593.87,4093.2,36,3,2,Lima,medio
C00883,35,2721.17,2561.37,12,1,0,Lima,bajo
C00884,42,2777.6,6168.88,24,2,2,Lima,bajo
C00885,24,1911.33,8684.41,36,2,1,Trujillo,bajo
C00886,45,1489.47,7210.99,24,1,0,Arequipa,medio
C00887,38,2117.89,5981.25,24,3,1,Arequipa,bajo
C00888,62,1510.36,7507.52,36,3,2,Cusco,bajo
C00889,31,-882.3,7361.15,24,6,3,Trujillo,alto
C00890,37,1055.65,2143.96,24,0,3,Lima,alto
C00891,24,3615.05,6718.53,36,2,2,Arequipa,bajo
C00892,57,1843.43,8039.56,36,2,1,Piura,bajo
C00893,45,2231.44,6658.31,48,4,0,Trujillo,bajo
C00894,40,1372.35,7188.8,36,0,1,Lima,medio
C00895,40,2717.62,5047.02,48,0,1,Lima,bajo
C00896,27,3442.12,8551.97,48,4,3,Arequipa,alto
C00897,56,2043.91,6305.74,36,8,3,Cusco,alto
C00898,39,1853.26,5287.76,60,2,1,Cusco,bajo
C00899,21,2022.36,1240.29,36,3,1,Piura,bajo
C00900,33,1902.55,4920.64,36,0,2,Lima,bajo
C00901,40,1318.5,4999.35,36,1,1,Arequipa,medio
C00902,60,2639.81,7084.06,12,1,0,Lima,bajo
C00903,28,1584.5,9608.58,48,2,1,Arequipa,bajo
C00904,38,2775.68,3152.49,48,4,0,Lima,bajo
C00905,62,1002.88,3240.55,36,3,1,Piura,medio
C00906,24,1575.17,5222.02,24,0,0,Cusco,bajo
C00907,47,3013.86,6445.51,24,5,1,Cusco,bajo
C00908,57,1796.33,7610.98,36,3,2,Arequipa,bajo
C00909,61,2065.94,7591.82,48,0,2,Cusco,bajo
C00910,32,3551.39,5580.56,48,4,1,Cusco,bajo
C00911,25,2358.14,2819.58,12,3,2,Cusco,bajo
C00912,47,2318.71,-91.28,36,3,0,Piura,bajo
C00913,59,2000.68,4744.58,36,1,1,Arequipa,bajo
C00914,52,2160.6,5341.13,36,1,0,Piura,bajo
C00915,56,2379.71,6099.27,24,2,1,Lima,bajo
C00916,68,1625.17,6202.13,48,2,1,Trujillo,bajo
C00917,41,1724.56,6529.77,36,1,0,Piura,bajo
C00918,68,2482.01,5982.09,36,1,1,Lima,bajo
C00919,64,2381.44,2748.22,36,4,0,Lima,bajo
C00920,60,2990.75,7255.47,24,0,0,Lima,bajo
C00921,21,1073.6,8506.72,12,2,1,Trujillo,medio
C00922,31,1307.37,2504.26,24,3,1,Piura,medio
C00923,48,2000.03,5923.32,36,3,0,Arequipa,bajo
C00924,65,1808.15,6820.08,12,2,0,Arequipa,bajo
C00925,30,3133.11,7281.14,48,1,2,Cusco,bajo
C00926,34,1100.44,3790.86,48,1,2,Cusco,medio
C00927,26,1797.43,6771.81,36,3,1,Lima,bajo
C00928,49,1598.3,4396.67,36,2,2,Piura,bajo
C00929,33,3075.9,6178.61,36,2,2,Lima,bajo
C00930,40,1513.55,3287.15,12,3,1,Trujillo,bajo
C00931,66,3897.66,6544.58,60,3,0,Lima,bajo
C00932,25,3418.91,4420.43,36,0,1,Trujillo,bajo
C00933,22,1010.9,1258.42,24,1,0,Piura,medio
C00934,32,1979.64,3677.72,24,2,2,Trujillo,bajo
C00935,48,1757.39,5557.95,48,1,0,Trujillo,bajo
C00936,40,2088.47,7081.64,36,2,0,Piura,bajo
C00937,29,3438.42,3368.88,36,3,0,Cusco,bajo
C00938,49,2645.38,4914.67,12,4,3,Lima,alto
C00939,56,1993.87,7552.85,36,3,0,Trujillo,bajo
C00940,21,932.41,1097.55,36,2,1,Arequipa,medio
C00941,20,2077.47,-1026.84,24,1,1,Trujillo,bajo
C00942,28,1571.33,4231.12,36,2,1,Cusco,bajo
C00943,27,1764.26,1654.73,24,4,1,Piura,bajo
C00944,31,471.11,7733.6,36,3,1,Lima,medio
C00945,38,1350.57,5078.21,36,0,0,Trujillo,medio
C00946,24,1983.69,6736.66,12,3,0,Trujillo,bajo
C00947,45,1903.35,7594.88,36,0,0,Lima,bajo
C00948,69,2030.39,4274.8,24,2,2,Trujillo,bajo
C00949,60,2947.33,4168.58,36,0,0,Arequipa,bajo
C00950,65,1078.48,2762.96,48,4,2,Arequipa,medio
C00951,47,1413.71,8836.96,36,1,0,Lima,medio
C00952,50,2782.01,4207.2,48,1,1,Trujillo,bajo
C00953,26,1997.47,9325.98,24,2,0,Arequipa,bajo
C00954,67,2010.62,8578.31,48,1,0,Piura,bajo
C00955,25,1770.99,1260.39,48,2,0,Piura,bajo
C00956,29,2018.59,3997.88,36,3,2,Piura,bajo
C00957,37,1920.45,4569.1,60,3,1,Lima,bajo
C00958,26,2668.58,3705.47,48,3,0,Arequipa,bajo
C00959,63,2095.02,7636.89,48,3,0,Arequipa,bajo
C00960,19,620.55,9623.96,36,1,2,Cusco,medio
C00961,54,2026.34,5604.6,48,3,1,Trujillo,bajo
C00962,60,1692.92,4256.21,36,2,0,Trujillo,bajo
C00963,27,2821.28,-1282.34,48,3,2,Arequipa,bajo
C00964,53,1194.54,6258.6,48,0,1,Trujillo,medio
C00965,67,4100.47,5035.09,48,1,2,Piura,bajo
C00966,18,2349.49,5020.63,24,1,1,Arequipa,bajo
C00967,18,1938.43,5571.75,24,2,3,Arequipa,alto
C00968,25,3835.52,1124.12,36,2,1,Lima,bajo
C00969,35,1744.06,6673.24,36,1,0,Cusco,bajo
C00970,58,3305.29,2854.47,60,0,2,Lima,bajo
C00971,63,2900.72,6678.24,48,1,1,Lima,bajo
C00972,24,2315.62,5905.85,12,2,0,Trujillo,bajo
C00973,38,3643.66,7588.87,24,1,0,Arequipa,bajo
C00974,32,1604.27,5744.04,24,1,1,Piura,bajo
C00975,45,2027.04,10150.96,48,2,0,Piura,medio
C00976,44,3756.98,8507.64,48,1,1,Piura,bajo
C00977,65,2669.63,1489.87,24,1,2,Cusco,bajo
C00978,68,1557.13,1494.95,36,0,1,Trujillo,bajo
C00979,18,1958.65,6299.57,24,3,2,Cusco,bajo
C00980,30,986.88,4132.18,24,4,0,Arequipa,medio
C00981,39,1904.65,4798.11,12,0,3,Lima,alto
C00982,43,1215.38,6570.41,12,2,1,Arequipa,medio
C00983,18,118.52,1057.19,48,2,2,Trujillo,medio
C00984,68,1429.96,5406.29,36,1,1,Arequipa,medio
C00985,26,1704.59,5125.19,36,5,1,Arequipa,bajo
C00986,52,2752.32,2002.79,12,1,2,Arequipa,bajo
C00987,54,1416.57,5423.13,36,3,1,Lima,medio
C00988,43,2525.47,768.04,36,3,2,Trujillo,bajo
C00989,29,2199.96,5501.89,48,4,0,Piura,bajo
C00990,38,1607.54,3945.18,36,4,1,Arequipa,bajo
C00991,22,2149.52,4745.03,36,2,0,Cusco,bajo
C00992,65,1899.21,6724.68,60,0,1,Piura,bajo
C00993,61,1037.81,5796.33,24,4,0,Arequipa,medio
C00994,28,2922.22,6579.2,36,2,1,Trujillo,bajo
C00995,30,2543.62,5881.59,36,6,1,Piura,alto
C00996,24,618.93,9587.43,36,2,1,Trujillo,medio
C00997,56,1581.82,8165.18,36,7,1,Trujillo,alto
C00998,48,1786.81,5065.96,24,2,1,Trujillo,bajo
C00999,28,1334.87,6665.52,36,4,1,Arequipa,medio
C01000,66,2191.0,4365.69,36,1,3,Arequipa,alto
