user_id,age,monthly_income_usd,app_usage_score,digital_profile_strength,num_contacts_uploaded,residence_risk_zone,political_event_last_month,approved
U00001,45,578.22,2.65,57.41,46,media,1,0
U00002,49,974.31,2.71,37.69,48,media,1,0
U00003,53,814.68,3.62,9.45,37,media,0,0
U00004,62,1178.71,9.26,47.46,46,baja,0,1
U00005,57,1140.57,2.19,70.99,38,alta,0,0
U00006,31,1025.95,4.88,79.2,40,media,0,1
U00007,63,1047.17,9.68,36.82,39,alta,0,0
U00008,28,1088.22,6.99,83.22,36,baja,0,1
U00009,28,859.71,1.48,54.56,53,baja,0,0
U00010,21,1164.73,9.7,47.26,42,baja,0,1
U00011,20,787.47,4.5,30.31,35,baja,0,0
U00012,40,891.04,0.59,75.58,40,alta,0,0
U00013,45,939.06,6.91,43.39,53,media,0,1
U00014,44,1173.27,9.19,81.28,45,baja,0,1
U00015,60,974.7,3.98,35.5,29,media,0,0
U00016,28,861.65,1.12,62.57,38,media,0,1
U00017,27,585.56,6.67,53.53,44,baja,0,0
U00018,38,526.7,8.95,59.35,32,alta,0,0
U00019,63,583.69,2.3,88.97,39,alta,1,0
U00020,46,810.27,3.57,50.6,40,baja,0,0
U00021,35,1246.9,8.89,81.06,27,baja,0,1
U00022,45,1231.17,8.37,42.6,43,baja,1,0
U00023,46,1017.73,0.73,73.59,29,baja,0,1
U00024,23,1331.13,0.57,58.47,34,baja,0,0
U00025,30,74.55,0.02,71.56,41,media,1,0
U00026,46,581.43,1.62,72.53,49,media,0,0
U00027,51,969.67,8.28,64.75,38,baja,0,1
U00028,62,1278.98,1.53,66.77,38,media,0,1
U00029,61,1063.06,2.0,52.26,37,alta,0,0
U00030,33,830.76,7.65,87.15,37,baja,0,1
U00031,25,581.51,6.97,63.44,37,baja,0,1
U00032,34,1075.76,3.83,73.19,37,baja,0,1
U00033,41,620.35,3.98,46.61,31,media,0,0
U00034,22,567.9,3.88,66.83,47,alta,0,0
U00035,61,1488.14,6.26,83.29,33,baja,0,1
U00036,55,776.18,7.15,41.36,47,baja,0,0
U00037,36,737.19,4.06,30.03,34,baja,0,0
U00038,21,1152.32,7.23,46.69,46,baja,0,1
U00039,51,868.8,4.77,37.46,33,media,0,0
U00040,26,1236.75,4.52,51.06,32,media,0,0
U00041,32,718.0,2.99,34.22,24,baja,0,0
U00042,50,1027.44,7.05,47.33,46,media,0,1
U00043,52,1439.03,7.94,47.78,40,alta,0,0
U00044,57,412.92,6.3,29.36,40,media,0,0
U00045,31,1051.52,0.55,94.24,36,media,1,0
U00046,49,1024.46,6.35,47.8,43,baja,0,1
U00047,59,1099.16,1.45,59.67,42,baja,0,0
U00048,29,858.73,8.82,46.14,31,baja,0,1
U00049,47,1377.68,7.82,6.77,36,media,0,1
U00050,52,1313.51,3.81,35.38,45,baja,0,0
U00051,60,340.03,6.52,44.39,46,media,0,0
U00052,22,612.65,9.37,37.71,46,baja,0,0
U00053,27,392.23,2.03,37.55,39,alta,0,0
U00054,27,39.05,7.59,84.85,39,baja,0,1
U00055,26,913.14,0.42,65.61,30,baja,0,1
U00056,62,1376.16,8.28,41.12,43,baja,0,1
U00057,21,757.56,4.66,39.17,36,alta,0,0
U00058,47,945.09,0.7,67.93,34,baja,0,1
U00059,19,915.56,3.64,96.44,48,alta,0,0
U00060,54,776.0,7.63,24.0,49,baja,0,0
U00061,56,1112.11,3.01,35.73,38,media,0,0
U00062,25,917.6,4.74,43.75,35,media,0,0
U00063,30,654.76,7.04,55.87,42,baja,0,0
U00064,59,1187.81,3.87,35.1,36,alta,0,0
U00065,51,605.08,3.62,60.78,45,alta,1,0
U00066,33,681.33,5.43,25.79,30,media,0,0
U00067,39,962.03,2.44,32.02,47,media,0,0
U00068,45,731.12,7.44,76.69,52,media,0,1
U00069,51,668.0,9.28,99.82,36,baja,0,1
U00070,47,877.74,0.95,56.85,40,media,0,0
U00071,19,1184.21,6.73,64.91,38,alta,0,1
U00072,44,703.58,1.67,100.0,44,media,0,0
U00073,27,1245.33,8.13,53.0,36,alta,0,0
U00074,56,241.25,0.7,64.17,35,baja,0,0
U00075,26,633.73,4.79,33.48,41,media,1,0
U00076,56,644.19,8.25,57.3,29,baja,0,0
U00077,31,716.74,1.79,72.51,48,alta,0,0
U00078,40,485.72,0.59,46.74,45,baja,0,0
U00079,64,468.48,1.03,64.06,40,baja,0,0
U00080,43,921.23,1.39,66.86,38,alta,0,0
U00081,55,803.42,8.67,80.64,37,media,1,1
U00082,44,1200.53,6.53,63.89,42,baja,0,1
U00083,32,739.25,4.65,97.9,35,baja,0,0
U00084,42,721.24,0.66,75.46,37,baja,0,0
U00085,38,474.46,0.27,96.79,44,media,0,0
U00086,62,951.01,5.83,74.82,46,baja,0,1
U00087,46,1187.1,9.61,61.54,44,alta,0,1
U00088,32,530.68,5.38,41.65,40,baja,1,0
U00089,57,631.1,7.06,26.37,39,alta,0,0
U00090,48,1132.76,0.04,43.63,39,media,0,0
U00091,52,1252.67,1.49,99.48,33,alta,0,0
U00092,57,727.34,0.28,90.36,41,media,0,0
U00093,29,82.11,5.14,100.0,35,baja,0,0
U00094,55,971.36,3.23,52.04,47,baja,0,0
U00095,22,951.11,0.58,87.6,34,alta,0,0
U00096,45,1276.83,2.68,75.05,45,baja,1,0
U00097,57,688.88,3.56,77.68,48,baja,0,0
U00098,21,15.37,8.76,94.98,44,baja,0,1
U00099,36,1149.21,5.5,65.23,28,baja,0,1
U00100,43,1132.77,2.34,38.72,41,media,1,0
U00101,53,715.72,5.32,60.2,32,baja,0,0
U00102,52,1106.12,8.12,66.11,38,baja,0,1
U00103,44,1124.43,5.53,64.69,46,media,0,1
U00104,23,1122.03,7.73,40.12,50,media,0,1
U00105,20,1595.59,6.24,74.55,49,baja,1,1
U00106,42,1191.05,2.46,27.67,41,baja,0,0
U00107,37,1135.83,2.17,52.6,40,baja,0,0
U00108,55,1047.57,2.93,70.46,51,baja,0,1
U00109,54,968.8,7.93,97.38,32,media,0,1
U00110,30,750.21,7.01,46.88,28,baja,0,0
U00111,24,914.5,5.69,80.71,46,baja,0,1
U00112,22,863.84,0.13,51.52,32,media,0,0
U00113,50,797.65,6.01,71.21,32,media,0,1
U00114,57,1340.15,8.87,29.01,36,baja,0,1
U00115,42,1423.63,2.98,84.53,51,baja,0,1
U00116,20,603.93,8.13,54.18,29,baja,0,0
U00117,50,414.03,8.16,41.74,42,baja,0,0
U00118,48,1137.63,6.41,85.26,44,baja,0,1
U00119,57,613.24,9.28,42.93,39,baja,0,0
U00120,35,694.2,2.42,77.89,33,baja,0,0
U00121,31,996.42,1.4,29.05,45,baja,0,0
U00122,41,345.67,1.59,64.74,51,baja,0,0
U00123,38,588.43,9.79,48.04,29,baja,0,0
U00124,43,609.35,4.47,70.5,40,baja,0,0
U00125,35,1389.0,8.67,46.26,47,baja,1,0
U00126,31,635.84,9.59,35.38,38,alta,0,0
U00127,63,946.68,9.89,71.14,37,media,1,1
U00128,46,1166.26,5.89,98.86,42,baja,0,1
U00129,33,685.83,1.1,91.52,44,baja,0,0
U00130,44,491.86,0.34,63.72,30,baja,1,0
U00131,62,1111.48,3.85,67.11,33,baja,0,1
U00132,54,627.66,3.9,87.89,36,baja,0,0
U00133,29,1487.74,7.5,41.98,36,baja,0,1
U00134,30,385.63,8.41,39.94,39,baja,0,0
U00135,62,1061.42,0.24,92.71,50,media,0,1
U00136,45,833.44,3.19,59.45,53,media,0,0
U00137,41,884.01,3.6,63.95,49,baja,0,1
U00138,22,1259.66,7.2,67.37,38,baja,0,1
U00139,61,998.07,9.0,55.72,29,baja,0,1
U00140,63,494.02,1.54,57.37,40,media,0,0
U00141,56,1069.51,1.15,48.27,41,alta,0,0
U00142,36,1065.18,7.38,77.8,34,baja,0,1
U00143,40,1136.38,9.18,51.07,44,baja,0,1
U00144,21,1068.2,0.05,40.25,52,baja,0,0
U00145,42,420.42,4.7,63.2,43,media,0,0
U00146,44,1158.17,4.34,32.62,41,media,0,0
U00147,55,859.63,9.63,81.31,57,baja,0,1
U00148,55,1068.02,1.48,62.39,36,alta,0,0
U00149,21,669.56,6.56,95.58,35,baja,0,1
U00150,62,831.69,1.72,65.81,41,baja,0,1
U00151,41,585.47,4.3,50.09,44,baja,0,0
U00152,22,1380.25,9.8,62.39,33,baja,0,1
U00153,56,997.68,4.28,55.55,35,media,0,0
U00154,46,1026.09,5.55,47.18,43,media,0,0
U00155,23,619.81,0.62,64.66,51,baja,0,0
U00156,32,1377.85,3.39,52.29,38,baja,1,0
U00157,52,659.99,4.27,70.52,43,alta,0,0
U00158,53,1108.73,9.75,80.2,30,baja,1,1
U00159,51,842.89,6.08,63.71,41,baja,0,1
U00160,45,740.86,2.16,64.59,34,baja,0,0
U00161,59,1035.04,8.59,75.35,44,baja,0,1
U00162,47,1226.12,8.04,42.63,38,baja,0,1
U00163,58,1078.34,8.13,60.91,45,media,0,1
U00164,30,986.96,6.41,59.22,47,media,0,1
U00165,23,1272.61,4.13,55.83,40,media,0,0
U00166,63,779.12,1.43,32.76,47,baja,1,0
U00167,47,1348.28,8.26,91.2,34,baja,0,1
U00168,40,876.0,2.69,70.07,42,baja,0,1
U00169,19,504.62,3.29,59.28,42,baja,0,0
U00170,22,1006.38,7.22,76.36,37,media,0,1
U00171,54,963.87,0.07,70.42,45,media,0,1
U00172,49,889.8,1.37,100.0,36,alta,1,0
U00173,55,901.8,2.4,59.48,40,media,0,0
U00174,21,694.12,0.03,36.52,30,media,1,0
U00175,58,1107.27,2.97,73.59,41,media,0,1
U00176,19,1131.98,2.72,76.67,40,baja,0,1
U00177,18,203.91,1.97,58.62,50,baja,0,0
U00178,49,1145.66,9.69,48.6,37,media,1,0
U00179,19,1072.54,7.64,40.93,40,alta,1,0
U00180,31,621.72,8.7,36.51,37,baja,0,0
U00181,45,684.89,1.91,42.83,46,baja,0,0
U00182,32,1075.79,6.34,45.56,42,baja,0,1
U00183,36,851.03,2.89,60.15,50,media,1,0
U00184,44,1208.93,7.34,85.84,33,alta,0,1
U00185,21,910.99,4.61,96.74,39,baja,0,1
U00186,31,484.19,5.51,48.83,39,alta,0,0
U00187,51,1291.41,8.55,15.15,39,baja,0,1
U00188,29,1321.89,0.71,87.31,28,baja,0,1
U00189,58,696.38,6.49,84.57,49,baja,1,0
U00190,54,537.98,2.8,57.83,42,media,0,0
U00191,46,646.74,4.54,69.6,44,alta,1,0
U00192,57,970.76,8.13,40.09,37,baja,0,1
U00193,64,1380.8,5.16,26.39,52,media,0,0
U00194,33,773.11,1.66,68.19,43,media,0,0
U00195,47,664.5,3.82,55.78,48,baja,0,0
U00196,53,907.54,6.54,34.98,44,baja,1,0
U00197,35,1246.41,8.21,75.41,31,alta,0,1
U00198,36,974.76,6.29,65.4,40,alta,0,1
U00199,34,1292.78,4.73,45.74,39,media,1,0
U00200,32,196.22,7.38,68.35,31,baja,1,0
U00201,44,1138.99,2.74,84.49,37,media,0,1
U00202,52,997.9,2.44,63.88,41,baja,1,0
U00203,27,935.2,1.41,72.63,37,media,0,1
U00204,26,1012.49,2.15,87.48,45,alta,0,0
U00205,60,891.89,9.91,70.41,28,baja,0,1
U00206,32,1123.16,6.49,58.84,56,alta,0,0
U00207,60,689.41,4.61,48.0,26,alta,1,0
U00208,62,1079.67,0.31,58.42,39,media,0,0
U00209,26,360.81,3.98,50.67,34,media,0,0
U00210,35,968.88,6.65,83.02,35,alta,1,0
U00211,19,315.88,1.37,66.34,39,baja,0,0
U00212,52,590.21,3.27,57.81,44,media,1,0
U00213,46,813.01,8.11,100.0,48,baja,0,1
U00214,57,1130.07,3.19,30.02,44,baja,0,0
U00215,57,1310.57,6.97,45.74,37,media,0,1
U00216,45,866.72,6.5,60.43,39,media,0,1
U00217,53,1063.62,4.9,54.21,42,baja,0,0
U00218,29,1022.68,4.99,47.86,48,baja,0,0
U00219,56,733.29,6.05,47.9,38,media,0,0
U00220,43,972.58,4.16,47.52,34,alta,0,0
U00221,19,1172.86,9.49,83.08,40,baja,0,1
U00222,51,181.98,0.19,71.17,37,media,0,0
U00223,22,580.07,8.6,53.01,35,media,0,0
U00224,36,674.83,2.25,51.57,43,media,0,0
U00225,19,745.13,9.39,57.6,37,baja,0,0
U00226,25,685.44,4.94,84.83,44,baja,0,0
U00227,41,1228.67,6.43,9.6,43,media,1,0
U00228,23,947.01,5.4,62.74,35,media,0,1
U00229,51,851.67,4.58,73.56,46,baja,0,1
U00230,30,1177.09,4.13,67.67,42,media,0,1
U00231,22,781.07,6.35,51.69,45,alta,0,0
U00232,33,782.55,3.24,62.49,45,media,0,0
U00233,59,605.16,7.67,94.89,45,baja,0,1
U00234,58,475.97,9.56,41.35,42,alta,0,0
U00235,34,715.65,2.81,46.97,48,baja,0,0
U00236,55,793.79,5.82,56.49,54,alta,0,0
U00237,35,858.21,2.99,70.15,41,alta,0,0
U00238,61,976.58,2.73,60.71,42,baja,0,1
U00239,39,696.63,9.92,58.93,44,alta,0,0
U00240,50,793.23,9.79,48.38,39,media,0,0
U00241,30,679.61,5.1,54.69,45,media,0,0
U00242,51,1376.51,2.6,53.9,45,media,0,0
U00243,44,1249.98,5.03,56.46,34,alta,0,0
U00244,29,909.93,7.47,34.06,33,baja,1,0
U00245,33,663.68,2.93,30.67,35,alta,0,0
U00246,45,976.04,1.86,76.02,38,media,0,1
U00247,31,340.75,9.3,36.26,42,media,0,0
U00248,62,1337.9,8.89,94.08,45,media,0,1
U00249,56,1176.85,4.6,45.81,43,baja,0,0
U00250,53,859.68,1.48,94.75,50,media,1,0
U00251,52,887.18,5.66,54.27,37,media,0,0
U00252,53,694.3,9.68,85.08,40,baja,0,1
U00253,56,956.69,0.06,46.59,35,media,0,0
U00254,35,927.41,6.33,46.5,46,media,0,1
U00255,34,680.13,0.7,38.48,40,baja,1,0
U00256,29,845.06,2.75,60.61,43,alta,1,0
U00257,21,1554.66,1.91,66.39,42,media,0,1
U00258,59,649.93,7.59,36.97,39,baja,1,0
U00259,52,1021.52,7.53,36.73,41,media,0,1
U00260,48,1176.17,6.02,51.51,51,alta,0,0
U00261,48,323.84,4.16,51.4,41,media,0,0
U00262,49,1226.04,6.08,39.79,39,baja,0,1
U00263,47,327.84,6.49,77.31,45,baja,0,1
U00264,23,401.53,5.59,87.57,41,baja,0,0
U00265,18,697.58,0.88,76.5,31,baja,0,0
U00266,42,1025.68,5.48,30.61,42,baja,0,0
U00267,25,735.91,5.74,10.15,40,alta,1,0
U00268,57,744.19,2.32,29.07,48,baja,1,0
U00269,57,1025.19,9.03,62.02,29,baja,1,1
U00270,24,1023.47,1.49,57.07,47,baja,1,0
U00271,41,1143.42,8.28,50.05,41,alta,0,0
U00272,48,1041.96,5.82,44.54,46,media,0,0
U00273,49,416.31,7.94,79.47,44,alta,0,0
U00274,59,592.39,9.83,80.42,37,baja,1,0
U00275,64,1040.14,4.73,54.88,37,media,1,0
U00276,22,1494.59,2.7,86.19,37,baja,0,1
U00277,57,1138.29,5.18,77.08,42,baja,0,1
U00278,52,1240.32,2.18,43.45,32,baja,0,0
U00279,29,827.54,5.15,30.07,51,baja,0,0
U00280,32,967.26,4.47,46.67,44,baja,0,0
U00281,49,809.67,2.27,52.05,39,media,0,0
U00282,50,853.69,6.37,63.44,35,alta,0,1
U00283,48,450.41,8.53,46.38,42,alta,0,0
U00284,47,1194.62,2.44,72.24,47,baja,1,0
U00285,38,525.56,6.77,47.28,33,baja,0,0
U00286,44,1367.65,9.86,70.38,38,baja,0,1
U00287,41,866.6,8.8,57.8,36,media,0,1
U00288,35,958.07,5.4,59.93,32,alta,0,0
U00289,32,1048.52,2.26,50.21,35,baja,0,0
U00290,41,719.97,7.46,37.7,44,baja,0,0
U00291,60,623.05,6.2,99.7,49,baja,0,1
U00292,60,603.72,2.57,63.2,37,baja,0,0
U00293,63,646.94,3.54,40.56,42,baja,0,0
U00294,44,550.05,6.01,58.56,38,baja,0,0
U00295,43,953.49,5.03,68.32,32,baja,0,1
U00296,45,684.91,7.21,44.34,36,media,0,0
U00297,58,372.46,1.42,74.32,36,baja,1,0
U00298,32,595.47,5.13,61.27,30,baja,0,0
U00299,40,1599.98,8.62,90.02,35,baja,0,1
U00300,19,649.81,2.02,74.93,42,baja,0,0
U00301,37,1204.07,8.87,63.08,26,alta,0,1
U00302,25,713.83,2.81,33.15,46,baja,0,0
U00303,42,857.22,1.15,68.54,35,baja,0,1
U00304,39,848.63,9.88,59.9,44,alta,0,0
U00305,29,833.82,3.07,48.93,37,baja,0,0
U00306,19,259.1,8.05,15.99,39,baja,0,0
U00307,60,1119.21,1.19,57.19,35,media,0,0
U00308,42,674.03,6.21,35.53,39,media,0,0
U00309,58,1006.83,9.79,56.06,37,baja,0,1
U00310,29,1301.04,8.57,59.31,40,baja,0,1
U00311,18,1034.64,3.83,44.31,45,baja,1,0
U00312,56,1289.58,7.98,71.67,46,baja,0,1
U00313,50,797.01,9.76,17.23,36,baja,1,0
U00314,48,734.24,1.09,72.25,30,media,1,0
U00315,45,969.78,9.37,66.31,33,baja,0,1
U00316,42,959.51,5.24,21.92,46,baja,0,0
U00317,52,1100.37,6.02,80.71,42,alta,0,1
U00318,57,447.77,9.56,24.08,37,baja,1,0
U00319,42,928.07,6.66,43.57,45,baja,1,0
U00320,49,1187.28,7.48,41.67,45,alta,0,0
U00321,61,1080.64,0.86,45.16,41,baja,0,0
U00322,47,1130.38,1.55,43.21,36,baja,0,0
U00323,60,1174.94,2.84,91.08,41,media,1,0
U00324,51,1385.66,1.16,43.16,43,media,0,0
U00325,38,1246.08,7.67,36.08,36,alta,1,0
U00326,51,1507.47,3.66,100.0,43,media,1,0
U00327,54,1258.91,0.48,55.36,42,alta,0,0
U00328,24,818.38,2.9,54.29,37,baja,0,0
U00329,33,905.3,5.04,79.66,39,media,0,1
U00330,59,1441.71,5.47,67.58,36,alta,0,0
U00331,53,725.98,8.04,78.61,37,baja,0,1
U00332,28,1342.69,6.86,69.06,43,media,0,1
U00333,50,1316.7,8.89,61.57,32,alta,1,0
U00334,45,778.07,0.98,46.67,40,baja,0,0
U00335,22,816.91,1.03,19.48,44,media,0,0
U00336,30,668.38,0.69,69.2,29,baja,1,0
U00337,36,892.63,6.35,86.06,43,baja,0,1
U00338,53,17.27,2.37,62.18,36,alta,0,0
U00339,43,1188.23,8.16,67.34,33,media,0,1
U00340,41,1067.92,9.32,65.82,48,alta,0,1
U00341,22,348.81,1.59,75.75,35,media,0,0
U00342,47,882.54,0.87,81.95,37,baja,0,1
U00343,60,688.39,1.37,76.31,27,baja,0,0
U00344,33,333.39,9.21,59.02,50,media,1,0
U00345,44,783.0,5.26,90.33,35,media,0,0
U00346,55,1016.72,2.32,48.96,37,alta,0,0
U00347,43,1201.61,0.97,68.14,33,alta,0,0
U00348,38,965.3,1.45,62.77,28,baja,0,1
U00349,22,989.92,9.62,71.81,41,alta,1,0
U00350,37,1218.19,8.91,81.86,49,media,0,1
U00351,57,578.47,8.86,96.98,34,baja,0,1
U00352,21,1206.03,2.78,50.19,35,baja,0,0
U00353,64,742.46,8.96,37.7,35,media,0,0
U00354,46,996.86,7.5,45.44,41,alta,1,0
U00355,53,458.6,6.46,63.05,44,baja,1,0
U00356,56,450.85,7.61,55.01,32,baja,1,0
U00357,41,1202.11,3.94,67.55,34,baja,0,1
U00358,47,1150.19,5.77,56.86,46,baja,1,0
U00359,44,1018.93,5.89,82.1,45,alta,0,0
U00360,52,1192.68,3.49,91.74,44,baja,0,1
U00361,18,1410.75,1.11,84.33,30,baja,0,1
U00362,34,243.78,5.49,80.55,36,baja,0,0
U00363,52,581.28,6.29,67.58,49,media,0,1
U00364,48,1429.46,5.92,42.64,33,media,0,0
U00365,18,313.4,7.93,53.59,44,media,0,0
U00366,30,1083.28,2.67,65.54,29,baja,0,1
U00367,64,904.56,7.56,27.43,38,media,0,1
U00368,45,599.02,8.58,41.87,38,baja,1,0
U00369,44,505.86,4.92,67.82,51,alta,0,0
U00370,23,838.4,3.76,58.27,35,baja,0,0
U00371,28,922.05,8.43,74.14,30,alta,1,0
U00372,60,1453.61,3.37,57.55,35,baja,0,0
U00373,31,887.13,0.26,70.15,43,baja,0,1
U00374,27,315.35,4.38,57.81,44,baja,0,0
U00375,57,838.56,2.9,49.79,43,media,0,0
U00376,45,1192.59,6.1,85.88,39,baja,1,1
U00377,57,534.81,7.0,98.66,41,alta,1,0
U00378,55,862.71,5.41,49.42,28,baja,0,0
U00379,22,709.21,8.13,56.07,40,media,0,0
U00380,19,1183.19,1.94,46.85,42,baja,1,0
U00381,34,582.43,0.37,48.96,40,alta,0,0
U00382,30,599.55,2.89,59.58,33,baja,0,0
U00383,44,438.32,7.83,91.0,26,baja,1,0
U00384,37,1140.5,9.31,88.69,40,baja,0,1
U00385,44,1065.96,1.05,49.24,45,baja,0,0
U00386,28,862.79,9.4,54.02,41,media,0,1
U00387,21,1241.07,9.14,94.28,40,media,0,1
U00388,54,1064.0,9.8,93.2,43,baja,0,1
U00389,20,1586.9,6.09,45.52,39,media,0,1
U00390,62,1224.06,7.09,28.3,40,baja,0,1
U00391,23,383.32,5.87,40.49,41,baja,0,0
U00392,30,1162.93,0.51,70.88,21,baja,0,1
U00393,63,1063.11,1.89,42.82,42,alta,1,0
U00394,51,1319.65,4.07,91.26,44,media,0,1
U00395,64,577.98,4.79,93.49,35,media,0,0
U00396,48,514.41,1.36,21.98,34,baja,0,0
U00397,47,477.79,2.66,57.45,36,baja,0,0
U00398,31,958.99,1.98,82.48,33,baja,0,1
U00399,21,915.64,7.54,59.0,30,media,0,1
U00400,48,670.05,1.75,61.25,38,baja,1,0
U00401,22,485.65,6.18,84.58,45,baja,0,1
U00402,20,818.93,3.1,33.09,33,media,0,0
U00403,45,844.95,1.23,85.75,34,baja,0,1
U00404,37,864.67,9.03,52.76,41,alta,0,0
U00405,48,729.74,9.46,58.4,33,media,1,0
U00406,27,569.34,9.71,73.94,38,alta,1,0
U00407,46,1328.36,7.34,58.61,41,baja,0,1
U00408,62,1075.5,5.48,84.85,44,alta,0,0
U00409,43,1062.38,3.81,75.48,47,alta,0,0
U00410,24,820.43,8.71,51.04,51,media,0,1
U00411,49,793.85,4.31,73.87,39,baja,0,0
U00412,48,853.47,8.49,72.32,49,alta,0,1
U00413,55,569.19,5.04,41.5,46,media,1,0
U00414,29,654.46,6.6,92.48,33,alta,0,0
U00415,62,303.85,4.93,70.16,35,baja,0,0
U00416,59,857.81,0.33,71.71,44,baja,0,1
U00417,27,980.52,1.29,52.83,56,baja,1,0
U00418,64,443.62,0.89,82.02,40,alta,0,0
U00419,58,258.13,7.05,54.05,36,alta,0,0
U00420,61,805.15,1.0,66.57,38,media,0,1
U00421,41,788.96,4.29,53.04,49,alta,0,0
U00422,29,1180.44,5.72,69.55,46,baja,0,1
U00423,27,901.43,8.23,92.42,35,baja,1,1
U00424,37,1335.12,8.35,24.46,40,baja,0,1
U00425,27,981.63,7.48,62.6,39,baja,0,1
U00426,29,1027.11,0.23,80.72,32,baja,0,1
U00427,62,632.51,1.53,40.13,35,media,0,0
U00428,47,875.88,8.97,61.8,43,baja,1,1
U00429,35,627.06,9.1,98.29,39,baja,0,1
U00430,19,582.33,5.04,50.37,34,alta,0,0
U00431,39,782.76,8.61,61.6,33,baja,0,1
U00432,59,810.0,3.39,63.57,39,baja,0,1
U00433,58,1035.53,1.27,62.28,39,alta,0,0
U00434,21,1538.54,4.26,34.45,47,alta,0,0
U00435,55,766.3,0.76,69.45,44,baja,0,0
U00436,40,1219.3,3.5,36.41,44,media,0,0
U00437,62,920.22,5.99,59.89,49,baja,0,0
U00438,30,799.36,1.91,67.01,39,media,0,0
U00439,53,1183.17,2.17,41.53,30,media,1,0
U00440,19,-38.18,0.81,73.76,41,baja,0,0
U00441,34,1071.19,6.69,65.47,46,media,0,1
U00442,21,1068.51,8.2,63.74,41,media,1,1
U00443,50,1183.87,4.61,38.95,39,media,1,0
U00444,22,1128.4,7.03,64.72,36,media,0,1
U00445,50,1217.62,8.68,50.94,43,media,0,1
U00446,26,966.33,5.13,87.43,40,baja,0,1
U00447,18,1037.47,6.04,37.71,58,baja,0,1
U00448,36,778.4,2.77,38.28,32,alta,1,0
U00449,64,464.83,5.86,30.5,40,baja,0,0
U00450,19,1131.78,4.81,70.47,36,media,0,1
U00451,60,1110.93,4.19,89.1,30,alta,0,0
U00452,35,1006.44,6.34,57.59,36,alta,0,0
U00453,61,583.26,1.04,34.64,44,baja,0,0
U00454,48,1451.16,7.66,69.23,36,media,0,1
U00455,40,1447.71,3.36,50.84,36,alta,1,0
U00456,47,780.4,0.37,76.66,46,baja,1,0
U00457,42,1063.27,6.03,44.23,43,media,1,0
U00458,31,980.62,9.95,100.0,37,baja,0,1
U00459,51,715.05,2.16,38.74,50,media,0,0
U00460,52,540.32,4.13,66.81,44,baja,0,0
U00461,55,1224.98,3.1,90.86,53,baja,0,1
U00462,49,846.93,4.41,59.79,42,media,1,0
U00463,21,742.6,4.93,78.17,39,baja,0,0
U00464,25,741.12,8.77,65.61,33,media,0,1
U00465,50,1036.4,4.98,51.44,31,media,1,0
U00466,62,799.42,0.77,37.15,48,media,0,0
U00467,39,1306.94,8.44,67.35,42,media,0,1
U00468,48,452.2,7.7,67.22,36,media,0,1
U00469,19,346.48,0.16,55.87,40,baja,0,0
U00470,44,956.0,6.27,59.65,37,baja,0,1
U00471,34,38.29,2.02,64.0,49,media,0,0
U00472,62,922.01,3.06,54.4,35,media,0,0
U00473,40,803.78,9.72,46.86,33,baja,0,1
U00474,43,964.0,6.31,40.07,38,baja,0,1
U00475,21,662.08,5.41,49.0,54,alta,0,0
U00476,53,397.06,4.09,53.26,38,baja,0,0
U00477,30,753.97,9.12,35.45,45,baja,0,0
U00478,25,1726.66,9.11,24.16,41,baja,0,1
U00479,40,1091.14,3.68,77.78,42,alta,0,0
U00480,32,1381.85,0.79,100.0,54,baja,0,1
U00481,26,1291.75,8.11,68.02,29,media,0,1
U00482,53,1282.48,3.55,51.07,34,media,0,0
U00483,45,818.35,4.2,59.48,51,alta,0,0
U00484,60,1055.77,4.87,45.13,44,alta,0,0
U00485,39,926.04,0.5,60.94,35,baja,0,1
U00486,59,488.44,8.93,29.4,41,alta,0,0
U00487,59,1125.75,4.74,58.93,32,media,1,0
U00488,20,961.22,9.17,59.66,42,baja,0,1
U00489,46,460.09,3.51,58.61,37,baja,0,0
U00490,34,949.0,1.83,61.39,29,baja,0,1
U00491,48,550.54,1.47,66.23,45,baja,0,0
U00492,48,1018.82,2.62,50.5,34,baja,0,0
U00493,46,858.95,0.39,75.65,46,media,0,1
U00494,61,1619.74,7.93,44.88,29,baja,0,1
U00495,48,1335.18,7.23,51.68,47,baja,1,0
U00496,53,1524.45,2.25,73.6,29,baja,0,1
U00497,34,592.93,1.06,47.83,39,baja,0,0
U00498,51,937.2,1.36,56.87,35,baja,0,0
U00499,44,374.74,3.51,58.98,38,media,0,0
U00500,20,921.55,1.52,70.5,46,media,1,0
U00501,59,1344.59,1.19,84.24,44,baja,0,1
U00502,28,1185.98,2.9,48.0,40,media,0,0
U00503,44,959.16,3.92,80.16,41,baja,0,1
U00504,34,301.65,6.35,97.15,41,baja,1,0
U00505,56,855.62,3.42,58.12,41,alta,0,0
U00506,22,925.46,8.36,53.24,37,media,0,1
U00507,55,193.5,9.52,29.35,32,baja,1,0
U00508,64,556.48,0.01,34.38,38,baja,0,0
U00509,57,1113.67,2.41,64.41,27,media,0,1
U00510,32,722.7,7.87,40.24,34,media,1,0
U00511,57,1380.23,0.13,93.36,31,baja,0,1
U00512,60,1050.3,6.69,46.94,37,baja,0,1
U00513,54,857.53,9.99,13.25,45,media,0,1
U00514,30,1127.34,6.02,92.3,44,media,1,1
U00515,19,616.32,7.82,68.93,36,media,0,1
U00516,39,860.15,4.5,57.85,41,alta,1,0
U00517,23,1166.73,2.17,52.84,44,baja,0,0
U00518,39,603.69,6.06,31.03,42,baja,1,0
U00519,33,564.58,9.62,77.48,49,baja,0,1
U00520,18,597.48,6.92,52.31,50,media,0,0
U00521,39,513.75,6.7,49.05,50,baja,0,0
U00522,53,735.9,2.67,73.23,42,alta,0,0
U00523,46,1043.03,1.17,60.88,32,alta,0,0
U00524,59,1057.23,5.75,76.51,48,baja,0,1
U00525,33,878.55,4.32,58.48,48,media,0,0
U00526,51,902.28,7.87,54.91,38,baja,0,1
U00527,41,890.62,2.53,47.64,38,media,0,0
U00528,26,544.43,4.42,67.99,48,alta,0,0
U00529,36,1445.43,2.83,54.26,34,baja,0,0
U00530,36,1319.2,7.4,36.03,37,baja,0,1
U00531,39,870.65,1.86,32.34,38,baja,0,0
U00532,34,1043.57,5.13,53.62,54,baja,0,0
U00533,30,1087.79,4.28,52.94,45,baja,0,0
U00534,64,888.97,2.64,56.72,38,baja,0,0
U00535,25,1488.75,8.07,100.0,35,baja,0,1
U00536,61,686.58,8.08,69.78,34,alta,0,0
U00537,41,566.13,0.48,6.28,49,alta,0,0
U00538,26,783.46,1.13,68.14,35,baja,0,0
U00539,30,1255.4,0.12,27.22,45,media,1,0
U00540,25,1111.08,8.02,52.84,41,alta,0,0
U00541,43,860.86,0.57,69.1,48,alta,0,0
U00542,32,1217.39,3.82,65.39,28,media,0,1
U00543,48,1260.57,1.04,52.74,37,baja,0,0
U00544,22,939.82,3.66,77.98,32,baja,0,1
U00545,42,1123.26,1.77,47.85,37,baja,0,0
U00546,31,1112.11,8.53,69.24,45,media,0,1
U00547,58,250.47,7.02,74.71,38,baja,0,1
U00548,54,1241.69,4.52,68.58,44,media,0,1
U00549,49,1130.43,1.41,69.36,35,media,1,0
U00550,54,1219.11,9.92,56.48,37,baja,0,1
U00551,45,723.8,0.79,14.67,44,media,1,0
U00552,64,962.96,5.49,59.66,35,alta,1,0
U00553,42,762.65,6.28,65.57,45,media,0,1
U00554,24,535.73,8.74,69.43,42,baja,0,1
U00555,37,1112.18,3.45,91.87,33,media,0,1
U00556,52,777.36,8.1,67.36,48,baja,0,1
U00557,33,147.78,3.12,71.62,49,media,0,0
U00558,45,802.49,4.89,66.66,50,baja,0,1
U00559,25,1274.15,0.22,62.54,28,media,0,1
U00560,35,1356.81,6.54,79.86,29,baja,0,1
U00561,25,1007.71,2.48,70.62,39,baja,0,1
U00562,59,852.71,5.36,60.89,40,baja,0,1
U00563,32,1066.95,4.41,27.33,43,media,0,0
U00564,20,357.17,1.2,53.9,34,alta,0,0
U00565,53,990.51,3.24,75.29,58,baja,1,0
U00566,20,1131.67,1.31,63.22,46,media,0,1
U00567,35,1235.27,8.53,51.84,37,media,1,0
U00568,59,881.46,2.18,67.76,45,baja,0,1
U00569,42,1306.1,6.69,41.9,40,alta,0,0
U00570,38,587.54,8.84,49.55,43,baja,0,0
U00571,19,1133.83,7.45,91.31,39,baja,0,1
U00572,31,1354.72,6.88,66.65,49,alta,0,1
U00573,26,1331.46,4.19,31.6,44,baja,0,0
U00574,40,546.51,5.98,33.9,50,media,0,0
U00575,23,1093.35,1.53,72.1,44,media,0,1
U00576,18,860.74,5.97,30.15,34,media,0,0
U00577,52,1252.43,1.65,37.85,51,media,0,0
U00578,55,1158.92,5.24,9.23,37,alta,0,0
U00579,34,1047.17,1.16,48.91,39,baja,0,0
U00580,36,814.59,5.01,60.03,37,baja,0,1
U00581,26,1227.05,8.18,56.99,44,alta,1,0
U00582,56,853.52,0.9,78.35,36,media,0,1
U00583,23,839.7,7.73,52.69,47,baja,1,0
U00584,53,609.28,4.29,19.69,40,media,0,0
U00585,38,1114.72,3.08,63.86,52,alta,0,0
U00586,63,1129.38,1.18,54.07,40,alta,0,0
U00587,53,1249.68,9.47,24.42,32,media,0,1
U00588,32,823.3,7.24,64.06,45,baja,1,1
U00589,56,630.42,0.46,32.95,47,baja,0,0
U00590,50,891.57,0.59,66.27,36,media,0,1
U00591,40,1207.51,7.78,96.04,40,baja,0,1
U00592,35,1127.25,9.06,67.7,41,baja,0,1
U00593,60,905.23,9.39,19.17,33,alta,0,0
U00594,26,947.26,9.18,44.79,38,baja,1,0
U00595,45,1155.94,3.85,75.34,40,baja,0,1
U00596,31,415.2,5.15,64.31,42,baja,1,0
U00597,44,1045.16,4.57,73.44,33,baja,0,1
U00598,34,1068.09,6.3,67.03,45,media,0,1
U00599,21,893.73,1.87,58.94,38,media,0,0
U00600,28,406.43,1.68,70.76,41,baja,0,0
U00601,50,1227.35,4.2,100.0,43,baja,1,0
U00602,59,1034.99,5.1,29.45,40,media,0,0
U00603,27,1153.85,4.35,48.72,32,media,0,0
U00604,38,970.04,3.79,80.32,39,media,0,1
U00605,28,318.39,2.14,77.81,47,baja,1,0
U00606,27,1086.22,8.45,99.37,31,baja,0,1
U00607,37,1274.3,2.36,79.83,38,alta,0,0
U00608,27,1143.84,3.09,65.33,48,baja,0,1
U00609,32,783.58,1.95,79.2,44,baja,0,0
U00610,64,1329.8,9.1,30.34,46,baja,0,1
U00611,24,891.65,6.2,36.18,36,alta,0,0
U00612,20,900.9,7.92,41.58,29,baja,1,0
U00613,57,727.99,2.54,88.78,45,baja,0,0
U00614,41,619.1,2.67,83.13,44,media,0,0
U00615,24,1051.43,1.51,24.33,48,alta,0,0
U00616,21,1335.81,0.8,47.38,38,baja,0,0
U00617,26,1487.33,1.56,79.32,33,alta,0,0
U00618,51,1225.03,1.63,57.81,42,baja,0,0
U00619,58,1468.43,0.94,59.9,50,baja,1,0
U00620,55,1306.62,3.82,37.4,39,media,0,0
U00621,50,982.19,3.7,48.15,34,baja,0,0
U00622,60,927.55,6.47,55.34,46,baja,1,0
U00623,23,1040.46,4.1,24.74,49,baja,0,0
U00624,61,933.86,1.19,70.92,33,baja,1,0
U00625,48,796.38,4.17,100.0,48,media,0,0
U00626,46,710.75,8.25,58.15,42,baja,0,0
U00627,54,527.3,7.68,31.6,41,baja,0,0
U00628,23,764.2,1.32,44.34,35,baja,0,0
U00629,37,465.74,9.3,49.44,46,baja,1,0
U00630,22,1070.88,8.96,35.49,34,alta,0,0
U00631,61,985.41,0.47,79.61,39,baja,0,1
U00632,33,259.2,8.31,85.64,44,baja,0,1
U00633,32,767.62,8.71,68.8,43,media,0,1
U00634,27,801.92,8.01,55.43,45,media,0,1
U00635,49,634.51,0.22,90.01,42,baja,0,0
U00636,50,684.18,6.56,68.73,46,baja,0,1
U00637,37,1231.67,6.97,61.63,36,baja,0,1
U00638,62,830.1,5.06,82.63,53,media,1,0
U00639,24,1522.73,8.66,56.72,48,media,0,1
U00640,21,42.51,2.33,47.15,35,baja,0,0
U00641,23,514.25,1.54,67.08,38,media,0,0
U00642,33,350.83,2.55,73.67,39,media,1,0
U00643,60,577.03,5.43,31.59,45,alta,0,0
U00644,48,528.1,7.73,64.1,44,media,0,1
U00645,26,1402.85,4.86,90.29,40,baja,0,1
U00646,31,976.07,9.29,49.34,31,media,0,1
U00647,36,846.03,8.72,31.77,37,baja,0,1
U00648,64,1280.02,4.16,82.22,39,baja,0,1
U00649,45,354.61,8.0,65.39,47,media,0,1
U00650,21,698.4,8.15,52.99,31,baja,0,0
U00651,26,953.41,3.89,88.56,38,media,1,0
U00652,35,955.11,6.04,14.33,39,alta,0,0
U00653,46,962.88,6.36,88.71,41,alta,0,1
U00654,35,765.78,3.4,33.93,46,media,0,0
U00655,62,940.4,0.4,56.75,59,baja,1,0
U00656,47,745.5,0.54,68.23,38,alta,0,0
U00657,42,658.21,0.67,83.77,30,media,0,0
U00658,30,971.19,3.78,64.83,45,baja,1,0
U00659,25,1105.63,1.6,80.0,43,media,0,1
U00660,30,453.49,6.08,22.39,37,baja,0,0
U00661,26,674.24,4.5,60.6,44,media,0,0
U00662,32,1181.52,7.89,68.05,34,baja,0,1
U00663,32,943.83,3.59,30.0,31,baja,0,0
U00664,30,420.89,5.59,77.74,37,baja,0,0
U00665,47,842.95,3.39,98.85,44,media,0,1
U00666,49,1044.81,0.95,59.67,40,media,0,0
U00667,56,1159.78,2.05,73.0,40,baja,0,1
U00668,28,864.21,0.43,51.24,44,alta,0,0
U00669,26,408.52,1.29,43.61,42,baja,0,0
U00670,58,252.7,5.45,59.52,44,media,0,0
U00671,43,1318.1,3.57,81.24,33,baja,0,1
U00672,50,838.91,4.43,76.49,43,media,0,1
U00673,29,1004.15,6.41,38.97,30,baja,0,1
U00674,56,1042.59,3.16,63.24,43,media,0,1
U00675,18,642.32,3.65,49.93,29,media,0,0
U00676,49,1095.03,1.77,38.87,42,alta,0,0
U00677,36,1128.92,7.6,51.45,51,baja,0,1
U00678,54,522.1,7.12,42.89,37,baja,0,0
U00679,35,1382.66,9.75,38.23,48,alta,0,0
U00680,48,949.49,0.72,46.12,36,media,0,0
U00681,24,430.43,5.59,88.06,42,alta,0,0
U00682,33,662.0,0.43,23.3,30,alta,0,0
U00683,64,624.93,6.58,36.83,52,alta,1,0
U00684,36,1352.47,3.28,99.13,41,media,0,1
U00685,46,1056.73,4.94,37.8,40,baja,0,0
U00686,23,981.68,3.29,88.1,40,baja,0,1
U00687,19,1062.41,6.14,93.43,35,media,0,1
U00688,39,1316.84,9.6,89.55,32,baja,0,1
U00689,40,1253.55,2.71,25.62,54,baja,0,0
U00690,31,832.82,8.42,47.61,29,alta,0,0
U00691,37,657.66,0.11,55.12,42,baja,1,0
U00692,23,726.0,4.33,55.69,32,alta,0,0
U00693,41,744.66,6.07,50.22,40,baja,1,0
U00694,20,595.05,3.2,65.01,30,baja,0,0
U00695,19,697.88,0.32,66.02,35,media,0,0
U00696,62,1331.21,6.11,55.21,26,baja,0,1
U00697,62,727.06,5.14,51.96,36,baja,1,0
U00698,42,1091.82,9.88,31.0,48,alta,0,0
U00699,22,881.84,7.61,51.3,42,media,1,0
U00700,37,936.01,4.14,65.59,48,alta,1,0
U00701,28,881.8,9.54,77.75,45,baja,1,1
U00702,53,617.63,4.53,69.79,26,baja,0,0
U00703,25,840.22,1.74,65.79,35,baja,0,1
U00704,38,680.37,3.11,52.55,33,baja,0,0
U00705,46,703.54,0.75,100.0,48,baja,0,0
U00706,25,1053.57,9.32,81.7,41,baja,0,1
U00707,34,269.54,6.54,71.43,42,baja,0,1
U00708,47,1094.11,6.72,64.81,37,alta,0,1
U00709,61,770.26,0.95,32.25,39,baja,0,0
U00710,19,558.13,2.73,41.98,51,alta,0,0
U00711,42,822.67,2.94,16.4,37,baja,0,0
U00712,18,617.39,9.48,58.1,40,alta,1,0
U00713,55,148.44,1.25,45.44,44,baja,0,0
U00714,27,878.71,1.91,70.31,33,media,1,0
U00715,40,999.58,3.87,87.05,38,baja,0,1
U00716,60,1069.29,9.09,60.45,41,media,0,1
U00717,23,1363.28,0.02,25.43,41,baja,1,0
U00718,55,1146.62,5.08,41.8,35,media,0,0
U00719,20,497.66,2.18,72.28,44,alta,0,0
U00720,61,915.07,9.77,67.37,44,media,1,1
U00721,45,1077.95,0.79,48.27,39,media,0,0
U00722,22,666.82,5.17,52.82,26,media,1,0
U00723,58,743.54,3.04,54.0,21,media,0,0
U00724,32,698.42,3.14,58.64,34,baja,1,0
U00725,40,1186.46,0.98,70.6,46,baja,0,1
U00726,40,-39.99,9.03,43.83,48,baja,0,0
U00727,40,892.4,6.6,49.83,27,alta,0,0
U00728,27,963.48,6.12,50.11,31,baja,0,1
U00729,35,757.57,4.3,62.76,39,media,0,0
U00730,42,952.58,9.97,54.5,38,baja,1,0
U00731,33,1190.18,0.94,56.77,49,media,0,0
U00732,28,1078.71,1.18,59.15,38,baja,0,0
U00733,42,355.49,1.72,52.75,40,baja,1,0
U00734,23,1196.16,0.63,50.85,29,alta,0,0
U00735,43,1544.93,0.42,85.66,50,baja,1,0
U00736,24,592.01,2.57,64.03,35,alta,0,0
U00737,49,905.01,3.83,74.71,44,media,0,1
U00738,34,669.52,5.7,45.53,44,baja,0,0
U00739,59,783.72,3.91,36.6,44,media,0,0
U00740,55,863.38,0.58,70.2,44,baja,1,0
U00741,18,866.25,7.82,52.77,38,alta,0,0
U00742,52,391.53,5.68,76.55,47,baja,1,0
U00743,23,1366.11,0.74,63.69,44,baja,0,1
U00744,41,487.98,4.05,79.19,50,alta,0,0
U00745,45,1272.57,6.77,55.9,40,media,0,1
U00746,64,1260.85,6.34,41.99,39,baja,1,0
U00747,26,1130.15,3.31,88.63,41,alta,0,0
U00748,41,1012.44,4.76,55.73,38,baja,1,0
U00749,48,882.72,2.25,69.35,40,baja,1,0
U00750,24,1079.41,6.53,92.2,47,media,0,1
U00751,20,694.48,6.36,82.51,46,media,0,1
U00752,33,530.68,4.48,59.0,49,media,1,0
U00753,24,892.34,9.67,49.85,44,baja,0,1
U00754,21,732.1,7.53,60.4,39,baja,0,1
U00755,21,1258.68,6.91,87.56,36,media,0,1
U00756,34,1252.85,6.49,50.57,35,baja,0,1
U00757,54,1074.5,6.61,40.89,48,baja,0,1
U00758,43,994.22,2.04,88.15,41,alta,0,0
U00759,18,475.58,6.92,80.55,45,media,0,1
U00760,47,847.55,1.16,88.56,34,alta,0,0
U00761,43,543.31,3.21,76.57,33,alta,0,0
U00762,61,1053.87,2.62,76.85,39,baja,0,1
U00763,47,772.53,0.33,74.46,33,alta,0,0
U00764,55,1096.64,4.53,56.51,43,baja,0,0
U00765,56,1028.96,7.2,65.95,40,media,0,1
U00766,56,1377.57,7.14,56.09,33,baja,1,0
U00767,30,483.65,7.79,53.83,42,alta,0,0
U00768,45,958.01,6.88,78.19,32,media,0,1
U00769,62,589.44,8.57,23.85,47,alta,0,0
U00770,21,963.52,3.77,57.27,38,media,0,0
U00771,19,1060.07,6.4,34.95,38,baja,0,1
U00772,30,788.06,8.33,37.33,32,baja,0,0
U00773,24,668.01,8.75,66.36,43,alta,0,0
U00774,23,1110.07,6.15,82.59,47,alta,0,1
U00775,56,1048.98,9.55,65.76,37,baja,0,1
U00776,31,938.34,7.76,100.0,40,baja,0,1
U00777,61,1356.92,5.81,80.34,29,media,1,0
U00778,46,1067.36,4.7,77.16,43,alta,0,0
U00779,23,891.37,9.57,71.78,29,media,0,1
U00780,48,1248.43,1.41,64.72,40,media,0,1
U00781,35,929.95,4.58,30.29,38,baja,0,0
U00782,43,756.58,4.03,52.51,34,media,0,0
U00783,30,1235.35,9.36,100.0,39,media,0,1
U00784,54,919.6,3.89,100.0,40,baja,0,1
U00785,27,698.35,4.88,74.19,42,media,0,0
U00786,22,1347.65,6.76,41.39,34,media,1,0
U00787,38,683.73,9.24,28.45,45,baja,0,0
U00788,31,360.37,1.5,72.63,51,media,1,0
U00789,30,908.41,5.2,63.61,36,baja,0,1
U00790,47,282.18,3.04,60.02,44,baja,0,0
U00791,55,1320.42,5.22,43.82,38,baja,0,0
U00792,54,1348.64,9.34,55.35,37,alta,0,0
U00793,45,1229.04,4.62,94.82,32,media,0,1
U00794,45,1141.84,9.29,47.4,41,media,0,1
U00795,52,925.62,6.02,80.93,26,alta,0,1
U00796,52,450.74,4.74,48.33,27,media,0,0
U00797,21,403.41,0.88,85.89,40,baja,0,0
U00798,31,722.87,6.43,72.52,31,baja,0,1
U00799,50,917.71,5.69,62.79,27,baja,0,1
U00800,43,849.3,2.5,86.69,42,baja,0,1
U00801,57,781.09,3.9,23.35,33,media,0,0
U00802,40,859.2,3.88,57.69,36,baja,0,0
U00803,19,472.56,2.42,76.52,38,baja,0,0
U00804,48,812.46,3.25,68.61,41,media,1,0
U00805,53,1053.8,7.75,73.15,38,baja,0,1
U00806,55,883.43,8.4,56.05,48,baja,1,0
U00807,49,913.4,8.04,100.0,41,alta,0,1
U00808,53,1087.37,5.01,68.85,42,baja,1,0
U00809,55,1279.72,2.02,59.11,45,media,1,0
U00810,39,792.05,3.93,52.29,37,baja,0,0
U00811,50,1054.57,5.51,57.46,41,baja,0,0
U00812,22,658.18,0.33,55.0,53,baja,0,0
U00813,35,911.54,7.42,40.83,45,baja,0,1
U00814,23,512.98,4.79,20.95,44,baja,0,0
U00815,64,556.12,1.04,85.25,37,baja,0,0
U00816,53,777.93,7.66,74.04,38,media,0,1
U00817,59,343.27,3.92,100.0,46,baja,0,0
U00818,27,1344.12,1.06,56.29,51,alta,0,0
U00819,47,1063.34,2.94,69.69,33,media,0,1
U00820,32,1139.74,1.52,97.24,43,media,0,1
U00821,30,1271.21,0.14,49.81,39,alta,0,0
U00822,33,1357.22,3.0,71.01,35,baja,0,1
U00823,31,706.19,9.66,53.57,53,baja,0,0
U00824,63,1066.0,5.53,52.92,39,alta,0,0
U00825,39,1355.73,3.15,58.57,40,media,0,0
U00826,33,362.29,9.81,57.95,44,baja,0,0
U00827,55,131.37,3.37,61.47,27,baja,0,0
U00828,52,864.74,9.38,100.0,51,alta,0,1
U00829,31,899.14,8.56,68.06,31,media,0,1
U00830,31,1361.71,5.24,70.28,40,baja,0,1
U00831,61,832.42,3.6,53.46,39,baja,0,0
U00832,25,415.46,3.54,49.34,43,media,0,0
U00833,48,848.24,9.75,50.54,45,baja,0,1
U00834,58,406.49,1.88,28.76,33,baja,0,0
U00835,39,1178.11,9.32,48.99,43,baja,1,0
U00836,51,890.63,9.58,63.77,33,baja,0,1
U00837,40,755.38,6.85,48.0,44,baja,0,0
U00838,25,1090.03,1.38,66.41,38,baja,1,0
U00839,29,1002.8,5.69,53.16,38,media,0,0
U00840,55,1126.51,2.59,98.22,53,baja,0,1
U00841,24,809.49,1.08,93.93,45,media,0,1
U00842,62,777.26,0.2,63.17,33,media,0,0
U00843,51,1679.69,4.08,54.53,51,media,0,0
U00844,51,977.25,5.42,61.24,40,alta,0,0
U00845,54,728.24,5.42,20.28,36,alta,1,0
U00846,35,1141.33,4.51,49.77,32,alta,0,0
U00847,44,1067.61,4.18,60.85,41,alta,1,0
U00848,18,645.77,1.27,62.17,35,alta,0,0
U00849,52,848.73,0.84,64.87,44,media,0,1
U00850,46,526.12,7.9,97.29,46,media,0,1
U00851,35,1435.79,4.07,72.52,42,baja,0,1
U00852,40,744.43,2.11,67.17,41,baja,0,0
U00853,50,1271.92,7.32,100.0,35,alta,0,1
U00854,47,833.43,2.51,34.07,41,baja,0,0
U00855,35,966.96,2.87,48.33,49,alta,0,0
U00856,18,1041.88,8.39,62.66,32,media,0,1
U00857,59,1338.78,8.07,84.57,46,baja,1,1
U00858,36,490.98,8.32,71.09,45,baja,0,1
U00859,21,1224.81,2.47,5.91,35,baja,1,0
U00860,61,939.95,3.49,80.16,44,baja,0,1
U00861,51,1019.45,2.67,31.13,37,media,0,0
U00862,39,-4.73,9.28,59.26,41,media,1,0
U00863,61,1017.13,6.53,54.84,38,alta,0,0
U00864,40,994.42,7.96,65.42,40,baja,0,1
U00865,63,804.47,1.05,82.62,50,baja,0,1
U00866,23,1239.64,1.56,33.67,44,baja,0,0
U00867,59,757.84,1.03,25.49,42,baja,1,0
U00868,26,1017.65,9.3,57.57,46,baja,0,1
U00869,39,867.29,7.83,59.13,48,alta,0,0
U00870,24,1197.5,9.3,76.3,42,baja,0,1
U00871,62,936.43,7.67,59.23,29,media,1,0
U00872,51,893.27,6.59,76.25,53,media,0,1
U00873,36,200.74,0.05,50.54,25,alta,0,0
U00874,42,601.22,9.44,47.34,37,baja,0,0
U00875,56,569.79,2.07,44.75,34,media,0,0
U00876,37,1625.45,9.24,35.65,32,media,0,1
U00877,46,525.28,4.18,65.34,43,baja,0,0
U00878,37,1130.03,4.21,79.73,39,media,0,1
U00879,56,635.08,3.73,47.33,43,baja,1,0
U00880,30,294.92,1.37,11.44,44,alta,1,0
U00881,47,1148.99,2.39,34.75,53,baja,1,0
U00882,39,1108.78,9.67,74.28,54,baja,0,1
U00883,48,1607.61,9.9,56.31,46,media,0,1
U00884,42,630.26,3.14,51.79,44,alta,1,0
U00885,43,1549.0,3.57,49.22,43,alta,0,0
U00886,25,976.16,5.63,55.81,45,alta,1,0
U00887,26,806.78,9.21,16.6,37,alta,0,0
U00888,42,978.02,1.81,35.55,40,media,0,0
U00889,29,1137.12,7.49,56.76,61,media,0,1
U00890,33,556.58,2.16,46.76,40,media,1,0
U00891,62,996.7,6.84,59.14,45,baja,0,1
U00892,59,480.86,3.48,8.07,36,media,0,0
U00893,33,729.61,2.67,65.01,35,baja,0,0
U00894,56,904.46,1.67,74.36,40,media,0,1
U00895,46,656.95,4.95,73.38,40,baja,0,0
U00896,61,710.89,0.82,77.21,47,baja,1,0
U00897,57,925.25,6.86,49.54,36,alta,1,0
U00898,21,842.34,2.92,52.6,40,alta,0,0
U00899,37,446.34,4.57,77.21,30,baja,0,0
U00900,51,927.5,0.65,74.52,39,alta,0,0
U00901,64,745.41,3.66,64.27,39,alta,0,0
U00902,57,1109.41,4.16,90.73,32,baja,0,1
U00903,57,1323.16,2.02,64.53,56,baja,0,1
U00904,52,795.08,4.46,79.64,42,media,0,0
U00905,64,477.82,1.54,63.12,31,media,1,0
U00906,45,658.42,3.89,76.69,40,baja,0,0
U00907,42,674.45,5.54,45.49,47,media,0,0
U00908,32,877.22,9.39,69.28,35,alta,0,1
U00909,56,826.42,3.68,100.0,44,baja,0,1
U00910,20,1482.26,8.49,9.93,43,media,0,1
U00911,33,482.22,9.08,76.76,41,baja,0,1
U00912,24,644.76,9.04,76.74,31,baja,0,1
U00913,50,967.58,6.73,49.38,40,baja,0,1
U00914,57,1474.73,8.08,73.8,47,baja,0,1
U00915,49,1392.55,4.22,67.14,36,baja,0,1
U00916,25,998.21,4.38,60.24,40,baja,0,1
U00917,36,1055.91,8.41,62.66,45,baja,0,1
U00918,26,940.43,8.55,66.94,30,alta,1,0
U00919,64,1264.59,2.47,50.0,42,baja,0,0
U00920,53,911.13,3.88,80.91,43,baja,0,1
U00921,33,1267.09,0.6,95.31,51,baja,1,0
U00922,31,1010.73,7.46,49.98,50,baja,0,1
U00923,58,1498.34,8.48,78.75,48,baja,0,1
U00924,26,1174.42,6.16,47.23,49,baja,1,0
U00925,29,1164.97,8.45,44.98,38,media,0,1
U00926,23,529.29,2.87,85.22,35,media,1,0
U00927,51,756.81,4.16,76.81,43,media,0,0
U00928,18,645.41,8.94,56.25,65,media,1,0
U00929,25,644.34,8.11,51.62,32,media,0,0
U00930,60,808.62,2.98,59.05,39,media,0,0
U00931,50,902.12,1.41,51.0,50,baja,1,0
U00932,39,712.11,5.9,85.52,29,baja,0,0
U00933,24,702.96,6.38,29.43,41,media,0,0
U00934,61,1023.55,6.95,100.0,31,media,1,1
U00935,30,781.69,9.38,57.93,45,baja,0,0
U00936,19,788.57,3.51,72.47,32,baja,0,0
U00937,20,766.6,6.59,63.54,46,baja,0,1
U00938,39,1012.15,6.32,80.17,49,baja,0,1
U00939,32,1283.84,3.36,52.09,29,media,0,0
U00940,50,628.48,9.8,45.19,45,media,0,0
U00941,45,914.33,5.1,51.79,38,baja,0,0
U00942,47,963.93,2.63,62.68,46,media,0,1
U00943,62,1282.91,2.98,18.26,33,media,1,0
U00944,20,902.93,3.82,65.51,35,alta,0,0
U00945,55,674.06,3.29,92.43,34,media,0,0
U00946,60,774.56,1.31,47.01,36,media,1,0
U00947,18,1100.42,9.85,64.86,54,baja,0,1
U00948,35,1059.8,6.99,51.11,48,baja,0,1
U00949,18,867.19,2.73,36.95,27,alta,0,0
U00950,43,601.61,8.23,23.75,50,baja,1,0
U00951,37,979.73,5.0,41.87,24,baja,0,0
U00952,26,1148.09,5.42,67.9,48,baja,1,0
U00953,62,1258.41,0.85,75.82,33,baja,0,1
U00954,57,989.02,9.65,20.22,40,alta,0,0
U00955,24,1063.04,8.53,75.77,46,baja,0,1
U00956,52,608.86,9.14,69.01,48,alta,0,0
U00957,35,628.08,9.65,92.88,35,baja,0,1
U00958,49,1089.69,3.94,55.11,38,baja,0,0
U00959,29,1068.28,5.52,63.34,38,media,0,1
U00960,54,867.94,1.2,25.2,33,media,0,0
U00961,40,794.91,4.77,67.93,47,media,0,0
U00962,33,1151.01,4.2,62.56,32,media,0,1
U00963,51,1287.66,5.86,65.52,40,baja,0,1
U00964,35,1106.84,3.98,44.84,48,baja,0,0
U00965,23,369.1,4.12,100.0,36,baja,0,0
U00966,36,961.04,0.75,62.02,28,baja,0,1
U00967,31,666.99,9.32,60.94,44,baja,0,1
U00968,51,1361.9,8.17,34.87,36,baja,0,1
U00969,36,657.81,6.4,60.23,38,baja,0,1
U00970,18,3.29,6.07,84.17,44,media,0,1
U00971,56,222.63,7.19,42.5,39,media,0,0
U00972,46,969.42,3.34,46.63,25,media,1,0
U00973,19,998.41,3.84,45.07,37,baja,0,0
U00974,50,942.81,7.43,52.25,32,media,1,0
U00975,22,1031.1,8.23,18.11,37,alta,0,0
U00976,38,640.46,3.92,46.89,25,baja,0,0
U00977,30,210.0,4.11,54.05,48,alta,0,0
U00978,36,1156.57,0.34,59.28,51,alta,0,0
U00979,31,1358.47,8.93,35.68,43,media,0,1
U00980,53,688.16,5.66,54.01,30,media,0,0
U00981,35,563.04,10.0,69.08,50,baja,0,1
U00982,34,1145.59,3.5,91.15,37,media,0,1
U00983,38,1037.12,3.72,76.0,56,baja,0,1
U00984,44,1412.42,8.75,41.0,42,baja,0,1
U00985,40,778.93,5.02,100.0,35,alta,0,0
U00986,22,633.31,6.52,75.75,47,alta,0,0
U00987,47,752.5,2.66,86.62,37,alta,0,0
U00988,33,849.85,3.31,89.06,37,baja,0,1
U00989,60,918.93,8.39,64.07,35,baja,0,1
U00990,19,297.58,7.75,61.38,43,media,1,0
U00991,21,1243.72,7.63,37.62,37,baja,0,1
U00992,58,1093.54,7.63,53.78,48,baja,0,1
U00993,63,629.95,6.24,69.07,40,alta,0,0
U00994,52,939.07,0.12,81.65,48,alta,1,0
U00995,43,832.91,1.81,40.73,30,baja,1,0
U00996,29,733.59,5.37,69.59,34,baja,0,0
U00997,40,689.92,5.0,54.38,36,baja,0,0
U00998,55,1044.9,4.15,98.75,51,baja,1,0
U00999,28,715.77,0.46,80.96,44,baja,0,0
U01000,59,927.8,2.15,41.66,28,baja,0,0
