customer_id,age,current_policy_coverage,years_with_company,past_claims_count,income_level,response_last_campaign,accepted_upsell
CL00001,30,16123.11,7,3,Medio,0,0
CL00002,31,15910.46,10,0,Alto,0,1
CL00003,66,10889.07,1,2,Alto,0,0
CL00004,49,8087.36,14,2,Alto,0,1
CL00005,69,24603.3,2,3,Bajo,1,0
CL00006,53,15654.58,8,5,Alto,0,0
CL00007,26,16569.17,18,1,Bajo,0,0
CL00008,26,12158.02,19,1,Alto,1,1
CL00009,37,10058.61,11,2,Medio,1,1
CL00010,28,10956.75,6,1,Bajo,0,0
CL00011,68,14852.07,3,0,Medio,1,0
CL00012,29,14555.2,6,1,Bajo,1,1
CL00013,66,3457.2,11,2,Bajo,0,0
CL00014,58,8862.18,12,1,Bajo,1,1
CL00015,25,9472.99,16,1,Medio,1,1
CL00016,53,17023.88,18,2,Medio,0,0
CL00017,28,12339.37,16,1,Alto,1,1
CL00018,58,10375.88,12,0,Medio,1,1
CL00019,53,15897.84,17,1,Medio,0,0
CL00020,37,16976.42,19,2,Medio,0,0
CL00021,43,21461.36,17,3,Alto,1,1
CL00022,26,20694.3,17,2,Alto,0,1
CL00023,31,15046.22,8,1,Alto,0,1
CL00024,27,13831.59,12,0,Alto,0,1
CL00025,31,9927.9,5,0,Medio,1,0
CL00026,35,19869.7,10,3,Bajo,0,0
CL00027,60,14462.96,2,4,Medio,0,0
CL00028,36,26326.93,15,3,Medio,0,0
CL00029,64,15761.34,9,3,Bajo,0,0
CL00030,32,12888.65,7,1,Alto,1,1
CL00031,68,13251.94,11,6,Medio,0,0
CL00032,26,14585.94,4,1,Medio,0,0
CL00033,57,15186.46,11,2,Bajo,0,0
CL00034,37,15083.84,15,0,Alto,0,1
CL00035,43,12771.81,6,2,Bajo,0,0
CL00036,42,6561.91,3,1,Bajo,0,0
CL00037,57,14034.72,14,0,Bajo,0,0
CL00038,41,14755.13,10,1,Medio,0,0
CL00039,43,15151.74,8,3,Bajo,1,0
CL00040,25,13422.13,2,3,Medio,0,0
CL00041,60,6507.39,8,0,Bajo,0,0
CL00042,60,20756.42,7,1,Medio,1,1
CL00043,25,10266.44,18,2,Alto,1,1
CL00044,34,10703.71,2,1,Alto,1,1
CL00045,39,14356.23,11,2,Medio,1,1
CL00046,60,16692.97,6,0,Medio,0,0
CL00047,63,14425.24,2,4,Medio,0,0
CL00048,59,18467.66,10,0,Alto,0,1
CL00049,61,9665.89,15,2,Medio,0,0
CL00050,60,17360.93,12,1,Alto,0,1
CL00051,66,17802.52,13,0,Medio,0,0
CL00052,48,19143.64,13,2,Medio,0,0
CL00053,46,9167.95,15,1,Alto,0,1
CL00054,58,13970.91,6,2,Medio,0,0
CL00055,47,13303.93,6,1,Medio,0,0
CL00056,52,14520.22,4,1,Alto,0,0
CL00057,52,16415.74,15,2,Bajo,0,0
CL00058,46,13492.8,5,2,Medio,0,0
CL00059,58,18153.88,16,1,Medio,0,0
CL00060,59,18186.91,12,3,Medio,0,0
CL00061,65,14127.76,17,0,Medio,1,1
CL00062,46,5930.76,10,4,Bajo,1,0
CL00063,36,21843.77,14,0,Medio,0,0
CL00064,54,17519.8,11,1,Alto,0,1
CL00065,53,13090.51,13,1,Medio,0,0
CL00066,55,21101.35,10,1,Alto,0,1
CL00067,61,9490.77,3,1,Bajo,0,0
CL00068,40,11386.92,16,2,Medio,1,1
CL00069,36,14384.72,18,0,Bajo,0,0
CL00070,49,16230.33,16,2,Medio,0,0
CL00071,45,15762.61,10,3,Alto,0,0
CL00072,45,9815.68,18,1,Bajo,1,1
CL00073,55,16785.12,9,1,Bajo,0,0
CL00074,46,10744.35,1,3,Bajo,0,0
CL00075,69,27616.94,5,2,Medio,0,0
CL00076,36,13311.51,13,0,Bajo,0,0
CL00077,53,18352.34,17,2,Bajo,0,0
CL00078,36,21076.75,18,1,Bajo,1,1
CL00079,47,16793.35,15,4,Bajo,0,0
CL00080,54,12735.91,4,3,Medio,1,0
CL00081,45,19006.45,14,0,Alto,0,1
CL00082,53,17290.7,15,1,Medio,0,0
CL00083,48,23912.98,17,2,Bajo,0,0
CL00084,27,15430.42,6,1,Bajo,1,1
CL00085,53,12583.41,10,2,Alto,0,1
CL00086,48,13685.05,8,1,Bajo,1,1
CL00087,61,8871.74,13,1,Alto,0,1
CL00088,28,13616.91,11,0,Alto,0,1
CL00089,29,11917.76,16,2,Alto,0,1
CL00090,59,12709.4,1,0,Alto,0,0
CL00091,33,10293.57,8,2,Medio,1,1
CL00092,33,15998.25,15,1,Bajo,1,1
CL00093,55,15901.44,18,2,Medio,0,0
CL00094,53,8512.49,17,0,Bajo,0,0
CL00095,43,19569.47,17,3,Alto,0,0
CL00096,48,16466.96,13,4,Bajo,1,0
CL00097,39,14627.02,11,2,Alto,0,1
CL00098,60,22447.58,3,2,Alto,0,0
CL00099,67,10483.01,18,0,Medio,0,0
CL00100,42,17911.82,13,1,Medio,0,0
CL00101,57,17508.27,18,2,Bajo,0,0
CL00102,61,16212.79,2,1,Medio,0,0
CL00103,65,23695.35,4,0,Medio,0,0
CL00104,26,13857.49,8,5,Medio,0,0
CL00105,51,11822.56,8,2,Bajo,0,0
CL00106,48,15716.53,5,1,Alto,0,0
CL00107,63,10058.02,7,1,Medio,0,0
CL00108,65,20805.74,12,3,Medio,0,0
CL00109,66,13780.5,10,1,Medio,0,0
CL00110,35,13606.47,8,1,Medio,0,0
CL00111,35,18037.74,8,1,Medio,0,0
CL00112,50,17153.69,4,3,Medio,0,0
CL00113,41,13407.79,7,3,Medio,1,0
CL00114,38,16135.1,8,4,Medio,0,0
CL00115,33,7770.13,11,1,Medio,0,0
CL00116,62,18650.4,17,2,Medio,0,0
CL00117,48,17561.07,8,1,Alto,0,1
CL00118,36,15117.53,17,2,Bajo,0,0
CL00119,32,7855.98,16,2,Medio,1,1
CL00120,42,7803.23,10,3,Medio,0,0
CL00121,45,6756.74,10,3,Bajo,1,0
CL00122,46,16382.6,4,1,Medio,0,0
CL00123,53,8886.26,4,0,Medio,0,0
CL00124,39,16239.21,2,1,Medio,0,0
CL00125,64,16092.37,7,3,Medio,0,0
CL00126,26,8732.38,10,1,Alto,1,1
CL00127,68,19192.4,12,2,Bajo,0,0
CL00128,55,12485.49,12,2,Bajo,0,0
CL00129,40,15561.29,18,1,Alto,0,1
CL00130,50,18501.59,4,0,Bajo,0,0
CL00131,54,11148.78,16,2,Medio,1,1
CL00132,64,15491.25,15,0,Alto,0,1
CL00133,29,20030.85,17,0,Medio,0,0
CL00134,41,12460.25,19,0,Medio,0,0
CL00135,49,12827.38,14,2,Medio,1,1
CL00136,37,12520.05,7,0,Medio,1,1
CL00137,57,10660.7,2,1,Medio,0,0
CL00138,48,12294.62,16,3,Medio,1,0
CL00139,44,18704.77,2,4,Medio,0,0
CL00140,55,15643.85,16,4,Medio,0,0
CL00141,30,18435.15,15,1,Medio,0,0
CL00142,35,11827.79,11,2,Bajo,1,1
CL00143,53,14296.94,3,1,Medio,0,0
CL00144,45,18227.78,13,2,Medio,0,0
CL00145,53,8239.63,4,2,Medio,0,0
CL00146,38,14858.89,9,1,Alto,0,1
CL00147,45,13001.84,14,3,Medio,0,0
CL00148,52,23444.36,17,0,Medio,0,0
CL00149,65,13086.06,7,1,Bajo,1,1
CL00150,42,20500.52,18,2,Bajo,1,1
CL00151,69,21053.04,4,1,Alto,0,0
CL00152,27,19706.26,7,2,Medio,0,0
CL00153,25,15498.18,14,3,Medio,0,0
CL00154,60,20565.96,12,1,Bajo,0,0
CL00155,49,13045.99,13,1,Alto,0,1
CL00156,40,10506.04,17,3,Bajo,0,0
CL00157,68,12518.28,4,2,Alto,1,1
CL00158,66,15328.44,2,2,Medio,0,0
CL00159,25,12020.6,14,0,Bajo,0,0
CL00160,27,14989.54,8,2,Medio,0,0
CL00161,61,10629.8,19,1,Medio,0,0
CL00162,63,19406.22,5,1,Alto,0,0
CL00163,59,7800.62,19,1,Medio,0,0
CL00164,37,16421.62,5,1,Bajo,0,0
CL00165,57,10604.55,8,1,Bajo,0,0
CL00166,29,20054.23,12,0,Alto,0,1
CL00167,67,6540.38,4,2,Medio,1,0
CL00168,57,1290.56,14,0,Medio,1,1
CL00169,46,10329.63,6,1,Bajo,0,0
CL00170,39,17760.86,8,1,Medio,0,0
CL00171,48,9102.82,9,2,Bajo,0,0
CL00172,61,12025.92,8,4,Bajo,0,0
CL00173,38,17262.15,14,1,Medio,0,0
CL00174,52,8849.44,3,2,Medio,1,0
CL00175,68,12072.37,13,0,Medio,1,1
CL00176,41,14068.4,9,2,Alto,1,1
CL00177,31,7812.49,12,2,Alto,1,1
CL00178,40,19353.22,8,2,Alto,0,1
CL00179,34,13750.83,9,1,Alto,0,1
CL00180,41,16180.49,2,0,Medio,0,0
CL00181,67,24172.68,2,1,Alto,1,1
CL00182,52,31228.19,9,0,Bajo,0,0
CL00183,25,6489.85,7,2,Bajo,1,1
CL00184,29,9474.32,4,1,Medio,1,0
CL00185,39,16449.99,1,1,Medio,0,0
CL00186,35,8550.39,3,4,Bajo,1,0
CL00187,69,8974.85,13,2,Bajo,0,0
CL00188,50,17764.8,13,1,Medio,0,0
CL00189,52,19228.94,10,4,Alto,0,0
CL00190,36,11055.1,7,0,Alto,0,1
CL00191,26,5346.84,6,2,Medio,0,0
CL00192,25,16570.96,1,2,Medio,0,0
CL00193,64,14218.64,11,1,Medio,1,1
CL00194,56,18547.38,15,2,Medio,0,0
CL00195,29,14066.28,4,1,Medio,0,0
CL00196,34,19562.13,1,2,Medio,0,0
CL00197,46,9904.1,14,1,Medio,0,0
CL00198,57,14128.43,6,2,Medio,0,0
CL00199,68,24356.11,10,2,Alto,1,1
CL00200,62,15887.32,2,2,Bajo,1,0
CL00201,62,15869.32,1,2,Medio,1,0
CL00202,49,9397.43,4,0,Alto,0,0
CL00203,67,14902.16,15,1,Medio,1,1
CL00204,28,11813.34,9,3,Bajo,1,0
CL00205,42,22070.18,4,3,Medio,0,0
CL00206,56,14924.52,1,3,Bajo,0,0
CL00207,43,15393.39,16,4,Medio,0,0
CL00208,48,19430.31,12,2,Medio,1,1
CL00209,64,22670.99,11,1,Medio,0,0
CL00210,67,8741.41,6,2,Bajo,1,1
CL00211,47,26078.54,15,2,Medio,1,1
CL00212,27,12078.79,5,3,Medio,1,0
CL00213,47,12333.51,9,2,Medio,1,1
CL00214,39,21355.86,6,0,Medio,0,0
CL00215,28,14917.54,14,2,Medio,0,0
CL00216,51,18096.0,2,0,Medio,0,0
CL00217,63,14452.6,15,4,Medio,0,0
CL00218,66,13871.1,10,3,Medio,0,0
CL00219,67,15849.17,11,2,Medio,1,1
CL00220,60,13000.9,9,2,Medio,0,0
CL00221,55,7426.78,12,2,Medio,0,0
CL00222,57,8503.18,8,0,Medio,0,0
CL00223,27,13676.73,3,2,Medio,1,0
CL00224,43,11785.51,1,2,Medio,0,0
CL00225,58,18729.41,5,0,Medio,1,0
CL00226,64,22505.63,17,2,Alto,0,1
CL00227,50,5223.82,19,1,Medio,1,1
CL00228,61,19293.86,1,1,Medio,0,0
CL00229,26,10209.62,7,1,Bajo,0,0
CL00230,33,10735.38,5,3,Medio,1,0
CL00231,26,10911.13,18,1,Bajo,1,1
CL00232,46,18503.09,7,1,Bajo,0,0
CL00233,66,15612.05,16,2,Medio,0,0
CL00234,25,12540.17,14,1,Bajo,0,0
CL00235,41,14294.57,5,1,Bajo,0,0
CL00236,31,14064.89,6,1,Alto,0,1
CL00237,42,12438.13,12,2,Medio,0,0
CL00238,68,11702.91,9,0,Medio,0,0
CL00239,69,12074.2,2,2,Bajo,1,0
CL00240,42,15737.71,12,1,Medio,1,1
CL00241,31,23449.88,2,3,Medio,1,0
CL00242,65,13442.19,12,5,Bajo,0,0
CL00243,30,8410.37,7,1,Bajo,0,0
CL00244,64,7467.98,11,2,Medio,1,1
CL00245,39,13239.79,10,4,Bajo,0,0
CL00246,36,9453.17,3,2,Medio,0,0
CL00247,37,21594.62,13,0,Medio,1,1
CL00248,53,11751.78,2,0,Alto,0,0
CL00249,27,15691.53,10,1,Medio,0,0
CL00250,56,10571.36,11,2,Medio,0,0
CL00251,54,23052.5,7,0,Medio,1,1
CL00252,56,12919.62,2,4,Bajo,1,0
CL00253,53,18841.17,6,3,Bajo,0,0
CL00254,28,13370.49,19,4,Medio,0,0
CL00255,41,15586.48,15,1,Medio,0,0
CL00256,59,19112.28,3,1,Bajo,1,0
CL00257,29,11875.81,1,0,Bajo,1,0
CL00258,46,22373.62,14,4,Medio,0,0
CL00259,40,27063.28,16,0,Bajo,0,0
CL00260,29,20962.96,18,0,Alto,0,1
CL00261,46,15577.31,19,3,Bajo,0,0
CL00262,29,20397.93,5,0,Medio,1,0
CL00263,54,15411.18,13,2,Bajo,0,0
CL00264,34,14606.17,11,0,Medio,0,0
CL00265,29,19981.35,7,0,Medio,1,1
CL00266,49,12812.12,16,3,Bajo,0,0
CL00267,43,18891.72,18,1,Bajo,0,0
CL00268,67,25330.59,6,3,Bajo,0,0
CL00269,34,26899.91,3,2,Medio,0,0
CL00270,57,16737.95,9,2,Bajo,0,0
CL00271,31,16577.69,10,1,Medio,0,0
CL00272,43,19681.97,16,1,Medio,1,1
CL00273,51,6475.14,8,1,Medio,0,0
CL00274,38,24543.83,3,1,Bajo,0,0
CL00275,55,6245.23,17,1,Bajo,0,0
CL00276,60,16802.77,11,3,Alto,0,0
CL00277,63,17984.22,9,3,Medio,0,0
CL00278,56,14779.97,19,1,Medio,0,0
CL00279,54,18560.4,17,2,Medio,0,0
CL00280,49,19723.54,16,3,Medio,0,0
CL00281,67,15950.61,15,1,Bajo,0,0
CL00282,28,24194.23,6,4,Medio,1,0
CL00283,49,8829.1,18,0,Alto,0,1
CL00284,42,23966.27,11,2,Medio,0,0
CL00285,46,19765.45,18,0,Medio,1,1
CL00286,40,17449.23,17,0,Bajo,0,0
CL00287,41,12791.55,9,1,Medio,0,0
CL00288,66,14095.08,3,2,Alto,1,1
CL00289,34,11801.04,16,1,Medio,0,0
CL00290,62,15241.25,1,2,Medio,1,0
CL00291,37,14619.42,17,1,Medio,0,0
CL00292,62,17102.99,6,2,Medio,0,0
CL00293,51,20554.62,18,0,Medio,0,0
CL00294,67,21978.35,1,3,Medio,0,0
CL00295,31,12272.35,10,2,Bajo,1,1
CL00296,41,21019.76,19,1,Bajo,0,0
CL00297,38,16114.1,11,3,Alto,1,1
CL00298,51,18594.53,18,2,Bajo,1,1
CL00299,61,10709.12,10,0,Bajo,1,1
CL00300,43,11815.98,5,3,Alto,1,0
CL00301,58,15837.58,16,1,Alto,0,1
CL00302,48,13039.45,12,2,Medio,0,0
CL00303,38,13864.18,1,2,Medio,1,0
CL00304,52,22898.47,10,2,Alto,0,1
CL00305,61,19474.89,8,1,Medio,0,0
CL00306,51,17932.46,3,2,Medio,0,0
CL00307,26,17965.05,5,1,Medio,0,0
CL00308,37,5784.57,7,2,Bajo,0,0
CL00309,50,8462.41,5,3,Bajo,1,0
CL00310,59,15675.73,13,2,Medio,1,1
CL00311,65,22071.96,13,0,Bajo,1,1
CL00312,28,21373.72,17,1,Bajo,0,0
CL00313,34,8244.02,4,1,Alto,0,0
CL00314,27,17421.87,19,0,Medio,0,0
CL00315,50,13712.33,2,1,Medio,0,0
CL00316,44,3338.7,11,1,Alto,1,1
CL00317,63,9160.01,2,3,Bajo,0,0
CL00318,31,14073.25,9,2,Bajo,0,0
CL00319,47,5810.77,12,2,Alto,0,1
CL00320,62,11360.02,15,1,Bajo,0,0
CL00321,26,15398.86,10,3,Medio,1,0
CL00322,36,17675.25,2,2,Medio,0,0
CL00323,40,26056.45,8,2,Medio,0,0
CL00324,40,17843.05,6,3,Bajo,1,0
CL00325,31,17479.02,14,0,Medio,1,1
CL00326,45,8972.05,9,0,Bajo,0,0
CL00327,40,12023.93,3,3,Medio,0,0
CL00328,60,19544.26,18,0,Medio,0,0
CL00329,45,11477.59,3,1,Bajo,1,0
CL00330,32,7091.05,18,0,Medio,0,0
CL00331,38,6097.64,4,2,Alto,0,0
CL00332,60,14616.48,7,2,Medio,0,0
CL00333,51,18472.91,7,3,Medio,0,0
CL00334,47,19646.17,10,1,Medio,0,0
CL00335,30,4785.58,15,0,Medio,0,0
CL00336,38,16539.11,9,2,Medio,1,1
CL00337,40,20629.25,3,2,Medio,0,0
CL00338,67,18779.13,14,0,Bajo,1,1
CL00339,59,18482.23,10,2,Bajo,1,1
CL00340,64,25361.05,4,7,Bajo,0,0
CL00341,28,20315.12,11,1,Bajo,0,0
CL00342,64,20444.53,10,1,Medio,0,0
CL00343,34,22304.02,17,1,Alto,0,1
CL00344,25,14661.26,1,0,Medio,0,0
CL00345,53,14840.45,9,1,Medio,1,1
CL00346,55,13743.0,14,0,Bajo,0,0
CL00347,69,16599.76,14,2,Bajo,1,1
CL00348,57,22697.75,8,0,Medio,0,0
CL00349,61,15453.93,14,0,Medio,1,1
CL00350,62,16037.04,15,0,Medio,0,0
CL00351,42,11662.07,4,3,Bajo,1,0
CL00352,46,9126.08,6,1,Medio,0,0
CL00353,37,14957.06,10,1,Medio,0,0
CL00354,42,14403.72,1,0,Bajo,0,0
CL00355,31,23733.32,8,1,Alto,1,1
CL00356,47,12291.52,15,2,Bajo,0,0
CL00357,65,17742.21,11,3,Medio,1,0
CL00358,57,17620.49,16,2,Medio,1,1
CL00359,51,8096.71,2,0,Bajo,1,0
CL00360,34,14026.75,19,0,Bajo,0,0
CL00361,69,6200.85,8,0,Bajo,0,0
CL00362,68,7388.28,15,3,Bajo,0,0
CL00363,63,17582.38,17,1,Medio,0,0
CL00364,62,6041.72,16,4,Bajo,1,0
CL00365,55,16156.17,2,0,Medio,1,0
CL00366,30,13869.99,10,0,Medio,0,0
CL00367,41,9323.98,1,1,Medio,1,0
CL00368,59,12423.79,5,2,Medio,0,0
CL00369,48,15201.85,13,1,Medio,0,0
CL00370,37,23013.8,17,2,Bajo,0,0
CL00371,31,20646.83,3,2,Bajo,1,0
CL00372,66,15614.18,5,1,Alto,0,0
CL00373,58,18379.28,5,0,Medio,1,0
CL00374,25,28982.39,10,3,Medio,0,0
CL00375,54,11826.82,12,2,Medio,1,1
CL00376,25,10452.28,8,2,Alto,1,1
CL00377,42,19121.86,7,1,Bajo,0,0
CL00378,69,13710.22,19,2,Bajo,0,0
CL00379,36,18112.28,19,2,Bajo,0,0
CL00380,60,13552.43,9,1,Medio,0,0
CL00381,58,18978.53,6,2,Alto,0,1
CL00382,39,9284.25,11,1,Medio,0,0
CL00383,37,15175.97,13,1,Medio,0,0
CL00384,57,24358.14,3,2,Medio,0,0
CL00385,38,21745.02,16,0,Medio,0,0
CL00386,35,18916.55,8,3,Medio,0,0
CL00387,46,13008.71,17,0,Medio,1,1
CL00388,44,24639.44,19,3,Alto,0,0
CL00389,40,12586.78,1,1,Medio,0,0
CL00390,60,16587.59,17,1,Bajo,1,1
CL00391,52,11551.44,7,1,Medio,0,0
CL00392,40,13698.37,3,2,Medio,0,0
CL00393,54,14272.24,10,1,Medio,1,1
CL00394,30,11895.72,17,2,Medio,1,1
CL00395,50,11823.23,15,2,Bajo,0,0
CL00396,46,16497.56,12,2,Medio,0,0
CL00397,69,22952.63,14,2,Bajo,1,1
CL00398,36,16462.26,16,2,Alto,1,1
CL00399,53,22930.33,13,1,Medio,0,0
CL00400,51,13385.44,11,2,Alto,1,1
CL00401,25,24592.48,6,0,Alto,0,1
CL00402,65,13839.6,4,3,Alto,1,0
CL00403,58,12351.51,14,2,Bajo,0,0
CL00404,29,7392.9,7,1,Medio,0,0
CL00405,34,19911.31,7,2,Alto,1,1
CL00406,68,22597.99,1,1,Medio,0,0
CL00407,57,12232.83,5,1,Bajo,1,0
CL00408,55,9893.73,3,1,Bajo,0,0
CL00409,55,17678.59,19,1,Bajo,1,1
CL00410,44,23121.81,11,1,Medio,0,0
CL00411,47,15472.84,2,0,Bajo,0,0
CL00412,34,12679.57,13,0,Alto,0,1
CL00413,65,25465.61,11,0,Alto,1,1
CL00414,65,4328.55,1,0,Medio,1,0
CL00415,34,16164.33,11,1,Medio,0,0
CL00416,36,23242.93,3,1,Medio,0,0
CL00417,53,16928.67,4,1,Medio,1,0
CL00418,51,7784.87,10,2,Bajo,1,1
CL00419,32,16426.71,12,2,Bajo,0,0
CL00420,63,12904.88,8,3,Medio,0,0
CL00421,66,13129.76,6,1,Medio,0,0
CL00422,32,20353.89,14,6,Alto,1,1
CL00423,52,20681.73,5,2,Alto,1,1
CL00424,60,16471.6,9,0,Bajo,0,0
CL00425,34,15815.81,10,2,Medio,1,1
CL00426,39,21488.02,19,1,Bajo,0,0
CL00427,31,11343.35,15,1,Medio,0,0
CL00428,62,16522.27,12,1,Alto,0,1
CL00429,69,6512.42,6,3,Bajo,1,0
CL00430,34,15014.42,12,2,Alto,1,1
CL00431,36,12943.05,15,2,Bajo,1,1
CL00432,36,8077.55,6,1,Medio,0,0
CL00433,68,15613.91,11,1,Medio,0,0
CL00434,66,25483.53,6,1,Alto,0,1
CL00435,67,16011.16,8,1,Medio,0,0
CL00436,29,16387.26,5,1,Medio,0,0
CL00437,28,7142.6,3,2,Medio,0,0
CL00438,65,12954.33,10,0,Bajo,0,0
CL00439,30,15473.6,15,4,Medio,0,0
CL00440,34,17572.14,7,1,Alto,0,1
CL00441,28,11773.66,1,2,Bajo,0,0
CL00442,52,16387.78,13,3,Alto,0,0
CL00443,31,14261.59,13,2,Medio,1,1
CL00444,26,17680.29,1,2,Alto,0,0
CL00445,54,21625.8,18,3,Medio,0,0
CL00446,38,18207.15,4,1,Medio,0,0
CL00447,28,15158.61,19,1,Medio,0,0
CL00448,54,18896.12,2,2,Alto,0,0
CL00449,41,19064.22,8,0,Medio,0,0
CL00450,28,10461.33,5,0,Alto,0,0
CL00451,66,17298.65,12,2,Bajo,1,1
CL00452,51,7536.47,3,1,Medio,0,0
CL00453,69,14638.98,7,0,Medio,0,0
CL00454,41,19922.88,13,2,Bajo,0,0
CL00455,26,19209.37,11,2,Medio,1,1
CL00456,68,16500.92,13,3,Bajo,0,0
CL00457,37,19891.47,9,1,Medio,1,1
CL00458,55,11395.56,13,3,Medio,0,0
CL00459,26,14382.0,19,1,Bajo,1,1
CL00460,43,9252.84,5,5,Medio,0,0
CL00461,66,10369.51,5,0,Alto,0,0
CL00462,27,19033.33,10,2,Bajo,1,1
CL00463,35,5759.02,16,1,Medio,0,0
CL00464,45,25767.9,1,1,Medio,1,0
CL00465,45,16372.29,5,2,Bajo,0,0
CL00466,66,16544.66,3,4,Alto,0,0
CL00467,40,16344.91,13,0,Medio,0,0
CL00468,27,16305.32,4,2,Medio,1,0
CL00469,52,25692.85,17,2,Medio,1,1
CL00470,39,9431.77,2,1,Alto,1,1
CL00471,28,9716.24,8,2,Bajo,1,1
CL00472,59,24606.7,7,0,Bajo,0,0
CL00473,47,15384.47,7,2,Medio,0,0
CL00474,66,11101.8,17,0,Alto,0,1
CL00475,68,20282.06,4,1,Medio,0,0
CL00476,26,11613.23,15,0,Alto,0,1
CL00477,30,17647.58,3,0,Alto,1,1
CL00478,26,23644.66,13,2,Bajo,0,0
CL00479,61,20087.62,6,0,Bajo,0,0
CL00480,51,24246.11,10,3,Medio,0,0
CL00481,61,12564.58,4,0,Medio,0,0
CL00482,59,17847.15,6,3,Alto,0,0
CL00483,63,17679.65,17,1,Bajo,0,0
CL00484,53,13012.78,12,3,Medio,0,0
CL00485,43,14682.17,16,0,Alto,0,1
CL00486,26,17146.05,10,1,Medio,0,0
CL00487,39,9939.65,9,3,Medio,0,0
CL00488,54,14093.64,4,0,Alto,0,0
CL00489,46,9679.7,5,4,Bajo,1,0
CL00490,55,15646.53,10,1,Medio,0,0
CL00491,36,14016.39,12,0,Medio,0,0
CL00492,35,17438.95,15,0,Bajo,0,0
CL00493,44,28314.98,4,1,Medio,0,0
CL00494,69,17574.46,16,2,Medio,0,0
CL00495,34,19377.76,5,0,Medio,1,0
CL00496,68,20339.23,11,0,Bajo,0,0
CL00497,29,11041.28,17,1,Medio,0,0
CL00498,38,16699.03,2,0,Bajo,0,0
CL00499,39,9145.45,18,2,Medio,0,0
CL00500,60,23095.84,3,1,Bajo,1,0
CL00501,63,15821.31,8,0,Bajo,0,0
CL00502,39,3375.81,19,1,Alto,0,1
CL00503,63,11901.07,15,1,Medio,0,0
CL00504,56,7056.52,7,2,Bajo,0,0
CL00505,63,10569.12,12,2,Alto,0,1
CL00506,60,16069.07,16,2,Alto,0,1
CL00507,44,12898.19,5,1,Bajo,0,0
CL00508,69,18536.51,15,1,Bajo,0,0
CL00509,38,14276.64,6,1,Alto,0,1
CL00510,50,17822.53,2,0,Bajo,0,0
CL00511,48,18995.34,10,3,Alto,0,0
CL00512,53,14630.46,11,2,Bajo,0,0
CL00513,37,18140.22,13,1,Bajo,1,1
CL00514,62,12188.32,15,0,Medio,0,0
CL00515,52,15614.62,15,1,Medio,0,0
CL00516,67,20466.91,13,0,Medio,0,0
CL00517,40,9994.26,17,2,Bajo,0,0
CL00518,54,13203.27,16,1,Alto,1,1
CL00519,69,19493.2,9,1,Alto,0,1
CL00520,61,13283.66,16,0,Alto,0,1
CL00521,40,21958.71,5,0,Medio,0,0
CL00522,47,13036.87,1,0,Bajo,1,0
CL00523,56,15142.79,13,2,Medio,0,0
CL00524,57,14921.76,19,1,Medio,1,1
CL00525,64,14793.26,16,1,Bajo,1,1
CL00526,61,10502.0,19,0,Bajo,0,0
CL00527,29,12498.35,7,1,Medio,1,1
CL00528,52,11708.81,10,1,Alto,1,1
CL00529,41,19357.97,2,5,Medio,1,0
CL00530,37,12464.86,13,1,Medio,1,1
CL00531,62,11499.94,14,1,Alto,0,1
CL00532,27,18235.74,14,1,Medio,0,0
CL00533,68,21595.68,4,0,Medio,0,0
CL00534,38,12636.12,17,0,Alto,0,1
CL00535,66,20957.84,7,0,Medio,0,0
CL00536,42,18077.16,1,2,Medio,0,0
CL00537,50,13929.68,19,1,Bajo,0,0
CL00538,45,4946.03,1,1,Alto,1,1
CL00539,63,15796.86,8,3,Medio,0,0
CL00540,55,15845.15,12,2,Medio,0,0
CL00541,68,23905.78,14,3,Medio,1,0
CL00542,64,19109.38,6,1,Medio,1,1
CL00543,31,16147.89,18,3,Medio,0,0
CL00544,29,11023.99,3,0,Bajo,0,0
CL00545,44,11769.78,15,1,Medio,1,1
CL00546,40,19824.79,9,2,Bajo,0,0
CL00547,69,7721.17,4,3,Medio,0,0
CL00548,32,22370.21,13,1,Medio,0,0
CL00549,42,10521.97,18,1,Bajo,0,0
CL00550,35,12668.07,17,1,Medio,1,1
CL00551,47,21582.39,15,0,Medio,0,0
CL00552,48,17839.2,15,3,Medio,1,0
CL00553,31,18744.16,8,1,Alto,0,1
CL00554,27,7642.01,18,0,Alto,0,1
CL00555,67,21756.61,3,4,Bajo,0,0
CL00556,27,10657.8,2,1,Medio,0,0
CL00557,31,13583.14,10,0,Medio,0,0
CL00558,66,10479.77,18,1,Medio,0,0
CL00559,64,12618.75,12,2,Alto,0,1
CL00560,54,18538.85,16,0,Medio,1,1
CL00561,31,19523.02,14,1,Medio,1,1
CL00562,42,6608.94,16,2,Bajo,0,0
CL00563,37,13690.42,18,2,Medio,0,0
CL00564,27,8149.37,9,3,Bajo,0,0
CL00565,49,20635.74,4,1,Alto,0,0
CL00566,48,17105.05,12,0,Bajo,0,0
CL00567,68,27241.03,4,1,Medio,1,0
CL00568,38,11590.46,13,1,Medio,0,0
CL00569,44,17963.53,15,0,Medio,0,0
CL00570,55,7625.12,19,3,Alto,0,0
CL00571,44,8899.82,17,0,Alto,1,1
CL00572,39,14271.81,11,2,Bajo,1,1
CL00573,44,21500.86,9,2,Medio,0,0
CL00574,63,13044.16,4,0,Bajo,0,0
CL00575,58,22742.59,19,2,Alto,0,1
CL00576,37,18471.66,5,2,Bajo,1,0
CL00577,34,12667.32,5,0,Alto,0,0
CL00578,50,12404.16,2,2,Medio,1,0
CL00579,64,14726.0,17,4,Alto,0,0
CL00580,52,14909.28,5,1,Medio,0,0
CL00581,49,17510.18,5,1,Medio,0,0
CL00582,69,19768.06,2,2,Bajo,0,0
CL00583,64,8379.2,12,1,Bajo,1,1
CL00584,34,14683.75,16,1,Medio,0,0
CL00585,67,14398.59,14,1,Medio,1,1
CL00586,56,17826.46,11,3,Alto,0,0
CL00587,27,10351.06,9,1,Alto,0,1
CL00588,61,13299.04,19,0,Medio,0,0
CL00589,51,4397.02,10,3,Medio,1,0
CL00590,62,16887.13,13,1,Medio,0,0
CL00591,38,19085.2,16,2,Medio,0,0
CL00592,68,22990.25,9,3,Alto,0,0
CL00593,44,12735.96,1,1,Medio,0,0
CL00594,69,12642.63,14,3,Bajo,0,0
CL00595,69,18273.32,10,3,Medio,0,0
CL00596,55,13141.95,10,2,Bajo,0,0
CL00597,33,20424.07,13,2,Medio,0,0
CL00598,60,18429.87,4,2,Bajo,1,0
CL00599,38,19070.43,14,0,Medio,1,1
CL00600,62,24320.07,14,3,Medio,0,0
CL00601,62,15891.6,13,2,Medio,1,1
CL00602,56,13991.93,18,1,Medio,0,0
CL00603,68,16323.03,11,2,Alto,1,1
CL00604,55,22549.88,9,0,Bajo,0,0
CL00605,59,20423.28,6,1,Alto,0,1
CL00606,57,12267.94,16,0,Bajo,1,1
CL00607,25,8670.03,13,2,Medio,0,0
CL00608,33,7731.37,13,1,Medio,1,1
CL00609,52,27887.41,4,1,Medio,0,0
CL00610,69,9454.46,8,3,Medio,0,0
CL00611,36,13185.91,15,2,Alto,0,1
CL00612,32,10770.76,2,0,Medio,0,0
CL00613,46,22572.52,14,3,Medio,0,0
CL00614,26,9714.88,6,3,Medio,1,0
CL00615,69,19228.79,10,2,Medio,0,0
CL00616,37,9036.97,4,5,Medio,1,0
CL00617,32,23937.94,9,0,Medio,1,1
CL00618,67,17427.87,17,1,Medio,0,0
CL00619,54,14515.58,8,4,Medio,0,0
CL00620,44,15082.79,6,2,Bajo,0,0
CL00621,34,6112.7,10,2,Medio,0,0
CL00622,61,18355.78,6,1,Alto,0,1
CL00623,64,18447.84,2,3,Medio,1,0
CL00624,45,5777.21,13,0,Bajo,0,0
CL00625,25,13961.31,1,0,Medio,0,0
CL00626,59,17438.37,15,3,Bajo,1,0
CL00627,69,18706.97,8,0,Bajo,1,1
CL00628,48,14995.52,9,0,Alto,0,1
CL00629,47,17890.74,10,1,Medio,0,0
CL00630,28,22593.98,3,0,Bajo,0,0
CL00631,53,9802.45,2,1,Bajo,0,0
CL00632,28,13917.66,17,0,Bajo,0,0
CL00633,64,8739.25,9,1,Medio,1,1
CL00634,59,11394.05,1,1,Medio,0,0
CL00635,36,7929.81,11,3,Alto,1,1
CL00636,51,12376.85,15,1,Alto,1,1
CL00637,49,21339.45,18,1,Alto,0,1
CL00638,43,14222.91,1,0,Alto,0,0
CL00639,57,9267.74,17,2,Medio,0,0
CL00640,52,18997.27,16,3,Medio,0,0
CL00641,56,23755.15,19,0,Alto,0,1
CL00642,68,9863.14,9,0,Alto,1,1
CL00643,32,10305.71,8,2,Medio,0,0
CL00644,41,15509.8,15,2,Bajo,1,1
CL00645,29,9089.44,19,0,Medio,1,1
CL00646,61,25064.72,4,2,Alto,0,0
CL00647,28,18022.61,13,0,Alto,1,1
CL00648,50,18927.74,6,1,Bajo,0,0
CL00649,40,11544.86,19,0,Alto,0,1
CL00650,42,24844.68,13,1,Bajo,0,0
CL00651,38,15276.46,1,3,Bajo,0,0
CL00652,65,24210.34,12,0,Bajo,1,1
CL00653,63,18009.34,5,2,Bajo,1,0
CL00654,30,15424.77,8,1,Bajo,0,0
CL00655,66,3845.3,10,0,Medio,1,1
CL00656,61,14048.37,15,2,Bajo,1,1
CL00657,53,10370.87,9,2,Medio,1,1
CL00658,33,17667.04,18,3,Alto,0,0
CL00659,30,11804.11,11,3,Medio,0,0
CL00660,61,10230.55,19,2,Medio,0,0
CL00661,35,13683.86,18,0,Bajo,1,1
CL00662,29,19757.64,5,2,Medio,1,0
CL00663,45,12603.43,11,0,Alto,1,1
CL00664,62,10128.76,5,0,Bajo,0,0
CL00665,29,11438.62,19,2,Medio,0,0
CL00666,56,9930.6,11,2,Medio,0,0
CL00667,66,2060.45,10,0,Medio,0,0
CL00668,59,20321.16,6,2,Medio,0,0
CL00669,43,10839.83,18,4,Bajo,1,0
CL00670,29,20943.42,5,0,Medio,1,0
CL00671,38,20597.31,3,1,Medio,0,0
CL00672,54,17127.35,19,5,Medio,1,0
CL00673,57,16356.3,12,3,Bajo,1,0
CL00674,50,18127.29,5,1,Bajo,0,0
CL00675,41,6453.35,19,3,Medio,0,0
CL00676,53,18283.89,3,1,Medio,1,0
CL00677,65,17109.2,4,3,Bajo,0,0
CL00678,33,8899.82,18,2,Bajo,0,0
CL00679,27,11100.38,7,1,Alto,0,1
CL00680,58,23149.03,6,3,Bajo,0,0
CL00681,63,14236.12,3,1,Alto,0,0
CL00682,53,15967.4,5,1,Bajo,0,0
CL00683,60,13396.28,3,2,Medio,1,0
CL00684,25,12198.32,19,1,Bajo,0,0
CL00685,39,18311.49,1,2,Bajo,1,0
CL00686,42,14068.98,11,2,Alto,0,1
CL00687,28,19800.42,7,4,Medio,0,0
CL00688,51,18233.46,19,2,Medio,1,1
CL00689,69,19136.14,10,2,Bajo,1,1
CL00690,62,14758.67,1,1,Medio,0,0
CL00691,44,12688.7,17,3,Bajo,1,0
CL00692,29,24988.21,17,1,Medio,0,0
CL00693,64,13611.06,8,3,Medio,0,0
CL00694,67,22340.44,16,1,Medio,1,1
CL00695,61,21815.9,7,2,Medio,0,0
CL00696,44,14690.26,11,1,Medio,0,0
CL00697,35,9587.71,17,1,Medio,0,0
CL00698,45,17219.91,4,0,Alto,1,1
CL00699,61,19533.31,13,2,Medio,0,0
CL00700,46,15406.25,1,2,Bajo,1,0
CL00701,30,11261.14,11,0,Bajo,0,0
CL00702,57,12344.78,19,1,Bajo,0,0
CL00703,61,12890.96,3,1,Medio,0,0
CL00704,47,19318.97,5,2,Medio,0,0
CL00705,25,16321.62,3,0,Medio,0,0
CL00706,49,15458.06,19,1,Bajo,0,0
CL00707,31,15191.98,7,2,Bajo,1,1
CL00708,42,19383.58,2,0,Medio,0,0
CL00709,55,19771.18,14,2,Bajo,1,1
CL00710,41,13315.63,1,1,Bajo,0,0
CL00711,56,18392.72,2,1,Bajo,0,0
CL00712,69,19749.5,18,2,Medio,1,1
CL00713,25,21790.29,7,1,Medio,0,0
CL00714,54,6589.3,18,2,Medio,0,0
CL00715,52,19061.32,4,1,Medio,0,0
CL00716,46,17890.05,13,2,Medio,1,1
CL00717,67,17621.96,12,1,Medio,1,1
CL00718,59,16536.32,19,4,Alto,1,1
CL00719,47,17223.31,11,0,Medio,0,0
CL00720,51,10939.8,9,3,Medio,0,0
CL00721,53,20938.55,5,2,Alto,0,0
CL00722,25,11825.34,1,1,Medio,1,0
CL00723,61,14665.13,6,1,Medio,1,1
CL00724,37,12138.15,14,2,Medio,1,1
CL00725,57,14637.37,15,2,Alto,0,1
CL00726,51,11814.4,15,3,Bajo,0,0
CL00727,63,10505.95,12,1,Medio,0,0
CL00728,28,9472.5,15,3,Alto,1,1
CL00729,52,17754.25,18,2,Bajo,0,0
CL00730,26,14564.81,14,2,Bajo,0,0
CL00731,42,20674.3,1,0,Bajo,0,0
CL00732,64,18517.24,15,0,Bajo,0,0
CL00733,41,11819.33,8,0,Medio,0,0
CL00734,47,7636.89,2,3,Medio,1,0
CL00735,54,17588.64,11,1,Medio,0,0
CL00736,41,11613.28,16,6,Medio,0,0
CL00737,37,19884.63,15,0,Bajo,0,0
CL00738,44,11628.33,15,3,Medio,0,0
CL00739,53,14780.24,15,4,Bajo,1,0
CL00740,48,16549.39,16,2,Bajo,0,0
CL00741,33,15962.06,2,4,Bajo,1,0
CL00742,51,8614.24,2,1,Medio,1,0
CL00743,40,14635.17,14,0,Medio,0,0
CL00744,54,14690.54,4,2,Bajo,0,0
CL00745,27,11407.16,18,0,Medio,0,0
CL00746,34,18212.19,18,2,Medio,0,0
CL00747,33,15307.68,17,2,Medio,1,1
CL00748,29,13882.67,12,1,Bajo,1,1
CL00749,29,11417.72,10,2,Medio,0,0
CL00750,27,22744.66,5,1,Bajo,0,0
CL00751,55,8040.42,19,1,Alto,0,1
CL00752,53,13777.79,15,1,Bajo,1,1
CL00753,61,14531.83,17,1,Medio,1,1
CL00754,36,10204.14,10,2,Medio,0,0
CL00755,51,20968.02,19,0,Medio,0,0
CL00756,47,21906.4,18,3,Medio,0,0
CL00757,28,13582.44,18,2,Medio,0,0
CL00758,35,12839.83,15,1,Medio,1,1
CL00759,58,13684.13,18,4,Alto,0,0
CL00760,57,16775.03,15,2,Medio,0,0
CL00761,36,19300.27,5,0,Bajo,0,0
CL00762,39,21269.09,13,1,Bajo,0,0
CL00763,65,14940.23,8,1,Medio,1,1
CL00764,35,11260.17,10,0,Medio,0,0
CL00765,28,17873.42,7,2,Bajo,0,0
CL00766,28,5615.32,1,0,Alto,0,0
CL00767,62,12635.98,16,2,Medio,0,0
CL00768,28,7752.11,7,0,Medio,0,0
CL00769,29,14520.07,18,1,Medio,0,0
CL00770,45,12472.03,6,2,Bajo,1,1
CL00771,66,15442.57,3,1,Medio,0,0
CL00772,43,16810.03,4,2,Bajo,0,0
CL00773,32,11502.62,12,2,Bajo,0,0
CL00774,34,16246.7,11,0,Medio,1,1
CL00775,45,16037.42,18,1,Bajo,0,0
CL00776,43,19013.55,18,0,Bajo,1,1
CL00777,27,12259.13,16,0,Medio,0,0
CL00778,45,20497.25,4,1,Alto,0,0
CL00779,53,22831.17,12,3,Bajo,0,0
CL00780,27,15600.61,4,1,Medio,0,0
CL00781,52,29018.47,16,1,Medio,0,0
CL00782,43,11559.63,10,2,Bajo,1,1
CL00783,32,15742.33,13,1,Medio,0,0
CL00784,30,17594.36,13,1,Medio,1,1
CL00785,56,22028.82,14,1,Medio,0,0
CL00786,48,9494.31,10,2,Alto,0,1
CL00787,65,15379.76,2,1,Medio,0,0
CL00788,43,13189.99,5,1,Medio,1,0
CL00789,37,12053.28,6,3,Medio,1,0
CL00790,31,19280.13,8,3,Alto,1,1
CL00791,59,19712.86,1,0,Medio,0,0
CL00792,64,11124.07,2,2,Bajo,0,0
CL00793,54,14312.72,7,3,Medio,0,0
CL00794,52,20477.07,16,6,Bajo,1,0
CL00795,50,18163.58,12,2,Bajo,1,1
CL00796,33,19000.27,1,1,Alto,1,1
CL00797,62,17162.23,15,1,Alto,1,1
CL00798,65,11406.68,3,1,Medio,0,0
CL00799,38,9975.58,3,1,Medio,1,0
CL00800,31,12218.88,14,2,Medio,0,0
CL00801,62,11593.92,19,1,Bajo,0,0
CL00802,64,20382.26,16,3,Medio,0,0
CL00803,64,12939.47,18,2,Bajo,1,1
CL00804,60,6834.11,4,0,Bajo,0,0
CL00805,29,16811.97,2,1,Medio,0,0
CL00806,61,14212.37,3,0,Bajo,1,0
CL00807,34,15413.98,8,2,Bajo,1,1
CL00808,59,9282.98,14,2,Bajo,0,0
CL00809,62,25842.17,1,1,Medio,0,0
CL00810,54,13700.05,12,1,Bajo,0,0
CL00811,61,11305.56,14,0,Medio,1,1
CL00812,57,-1167.1,7,3,Bajo,1,0
CL00813,50,9700.89,13,3,Alto,0,0
CL00814,66,19550.74,14,0,Medio,0,0
CL00815,61,19012.07,3,0,Medio,0,0
CL00816,39,7924.47,6,2,Bajo,0,0
CL00817,41,15600.63,15,3,Medio,0,0
CL00818,55,26196.18,19,3,Alto,0,0
CL00819,54,21625.73,1,1,Bajo,1,0
CL00820,31,4239.2,9,1,Bajo,0,0
CL00821,50,20560.03,10,4,Medio,0,0
CL00822,52,17651.38,10,2,Alto,0,1
CL00823,49,7703.02,17,1,Medio,0,0
CL00824,60,14471.28,19,2,Bajo,0,0
CL00825,28,9378.5,3,1,Bajo,0,0
CL00826,63,12954.53,11,1,Medio,1,1
CL00827,59,11962.18,8,1,Medio,0,0
CL00828,50,22408.96,6,1,Alto,0,1
CL00829,50,15399.0,19,2,Alto,0,1
CL00830,41,10758.31,8,3,Alto,0,0
CL00831,51,12580.83,19,2,Medio,1,1
CL00832,25,20761.05,4,2,Medio,1,0
CL00833,62,14109.88,1,3,Medio,1,0
CL00834,62,6853.58,18,2,Alto,0,1
CL00835,54,7041.79,8,0,Medio,0,0
CL00836,48,17088.21,15,3,Medio,1,0
CL00837,47,21291.61,7,2,Medio,0,0
CL00838,69,13494.12,1,2,Alto,0,0
CL00839,50,13638.53,14,0,Medio,0,0
CL00840,59,15511.04,18,2,Medio,0,0
CL00841,52,10460.24,2,1,Bajo,0,0
CL00842,44,13501.83,4,2,Bajo,0,0
CL00843,66,15924.5,18,3,Medio,0,0
CL00844,44,14404.99,10,2,Medio,0,0
CL00845,40,17387.45,16,2,Bajo,0,0
CL00846,47,19852.63,15,2,Medio,1,1
CL00847,55,8529.7,5,0,Medio,0,0
CL00848,46,20513.39,5,1,Medio,0,0
CL00849,53,11722.98,18,3,Bajo,0,0
CL00850,36,15785.42,4,3,Bajo,0,0
CL00851,69,16825.27,18,1,Alto,0,1
CL00852,68,7776.04,13,3,Medio,0,0
CL00853,26,8908.07,19,4,Bajo,1,0
CL00854,34,10343.76,3,0,Bajo,0,0
CL00855,65,6574.52,17,1,Bajo,1,1
CL00856,43,13430.27,15,5,Medio,0,0
CL00857,46,20745.38,13,2,Alto,0,1
CL00858,25,18489.11,5,1,Medio,0,0
CL00859,28,14655.16,9,1,Medio,0,0
CL00860,34,8821.8,11,3,Medio,1,0
CL00861,30,10523.55,7,2,Bajo,0,0
CL00862,32,15869.67,7,2,Alto,0,1
CL00863,50,14496.19,14,1,Alto,0,1
CL00864,41,19779.7,1,0,Medio,0,0
CL00865,53,10069.64,16,2,Medio,0,0
CL00866,38,7171.61,5,2,Medio,0,0
CL00867,66,23878.5,8,2,Bajo,0,0
CL00868,42,16241.56,9,3,Medio,1,0
CL00869,49,20857.31,9,3,Bajo,1,0
CL00870,37,11563.72,17,2,Medio,0,0
CL00871,45,10626.61,9,1,Medio,0,0
CL00872,66,14165.09,13,4,Alto,0,0
CL00873,50,15618.3,5,0,Bajo,0,0
CL00874,43,12548.1,10,4,Medio,0,0
CL00875,59,4473.28,13,0,Bajo,0,0
CL00876,68,18812.92,7,3,Medio,1,0
CL00877,38,11647.39,14,2,Medio,1,1
CL00878,25,19507.81,10,0,Medio,0,0
CL00879,45,17991.16,8,0,Bajo,0,0
CL00880,29,11918.19,13,2,Medio,1,1
CL00881,26,16097.68,7,2,Medio,0,0
CL00882,65,15532.47,17,1,Medio,0,0
CL00883,55,14586.83,11,2,Medio,0,0
CL00884,32,16753.32,14,0,Medio,0,0
CL00885,27,19072.24,7,4,Medio,1,0
CL00886,32,9419.6,13,1,Alto,1,1
CL00887,55,9885.58,4,0,Medio,1,0
CL00888,46,11930.27,5,1,Medio,0,0
CL00889,47,13375.88,12,2,Alto,0,1
CL00890,66,24234.54,10,4,Medio,1,0
CL00891,54,16708.1,3,3,Medio,0,0
CL00892,66,23965.93,17,2,Alto,0,1
CL00893,45,8759.65,12,0,Medio,0,0
CL00894,69,19505.11,13,1,Alto,0,1
CL00895,25,21365.29,3,0,Bajo,0,0
CL00896,30,11873.7,16,3,Bajo,0,0
CL00897,36,11883.82,9,1,Bajo,1,1
CL00898,49,12211.1,18,1,Bajo,0,0
CL00899,25,15470.88,16,1,Alto,0,1
CL00900,52,11851.22,18,3,Medio,1,0
CL00901,57,15113.22,6,1,Medio,0,0
CL00902,54,10332.15,10,1,Alto,1,1
CL00903,40,10840.97,11,0,Medio,0,0
CL00904,40,10970.59,17,0,Alto,0,1
CL00905,56,19242.23,12,2,Medio,1,1
CL00906,67,12633.83,16,3,Bajo,0,0
CL00907,30,19109.62,6,1,Medio,0,0
CL00908,66,18974.8,7,1,Medio,0,0
CL00909,46,17119.14,16,3,Medio,0,0
CL00910,48,19382.32,18,1,Medio,0,0
CL00911,43,10224.54,10,0,Medio,0,0
CL00912,38,12859.09,2,1,Alto,0,0
CL00913,69,18271.9,12,1,Alto,0,1
CL00914,39,10305.21,16,2,Medio,0,0
CL00915,52,19247.16,16,2,Bajo,0,0
CL00916,26,18694.98,15,4,Medio,0,0
CL00917,64,13484.63,8,1,Bajo,0,0
CL00918,68,4178.24,5,1,Bajo,0,0
CL00919,44,9639.15,9,2,Alto,0,1
CL00920,61,17527.31,10,3,Bajo,0,0
CL00921,67,11736.5,13,2,Alto,1,1
CL00922,32,14976.33,19,3,Medio,1,0
CL00923,43,14076.46,15,2,Alto,0,1
CL00924,67,13513.39,15,2,Medio,0,0
CL00925,42,7531.31,10,1,Alto,0,1
CL00926,58,15511.46,17,2,Bajo,0,0
CL00927,54,8289.74,13,2,Bajo,0,0
CL00928,57,22407.02,3,1,Medio,1,0
CL00929,69,5123.65,19,0,Medio,0,0
CL00930,58,20859.1,2,1,Alto,0,0
CL00931,35,12097.18,16,0,Bajo,0,0
CL00932,67,18597.72,6,1,Medio,0,0
CL00933,69,14553.15,3,3,Medio,0,0
CL00934,66,10173.35,6,2,Medio,0,0
CL00935,50,17137.94,11,4,Alto,0,0
CL00936,27,16432.39,18,4,Medio,0,0
CL00937,61,14115.16,19,1,Medio,0,0
CL00938,42,13578.21,12,1,Medio,1,1
CL00939,31,16380.99,5,3,Bajo,0,0
CL00940,40,12063.71,6,1,Medio,1,1
CL00941,40,4846.72,9,1,Bajo,0,0
CL00942,29,19330.19,3,1,Bajo,1,0
CL00943,35,11879.24,19,0,Bajo,0,0
CL00944,55,25014.67,11,2,Alto,1,1
CL00945,32,20739.49,9,1,Bajo,0,0
CL00946,63,16264.99,12,1,Bajo,0,0
CL00947,35,13378.51,8,1,Bajo,1,1
CL00948,35,11120.64,15,0,Medio,0,0
CL00949,26,9657.75,3,5,Medio,1,0
CL00950,38,17515.0,14,0,Medio,0,0
CL00951,61,8289.49,18,2,Alto,0,1
CL00952,56,7650.8,3,2,Medio,0,0
CL00953,34,14157.16,1,2,Medio,0,0
CL00954,40,10676.22,11,3,Medio,1,0
CL00955,32,12736.27,4,2,Bajo,0,0
CL00956,30,12090.97,1,1,Bajo,0,0
CL00957,45,14507.78,8,0,Bajo,0,0
CL00958,50,12897.0,17,1,Medio,0,0
CL00959,30,9918.99,17,1,Medio,0,0
CL00960,28,6694.58,12,1,Bajo,0,0
CL00961,63,8063.99,13,0,Bajo,1,1
CL00962,56,13098.42,11,1,Bajo,0,0
CL00963,62,18240.31,12,4,Medio,0,0
CL00964,46,8960.18,1,1,Bajo,1,0
CL00965,41,21376.33,19,2,Medio,0,0
CL00966,54,22480.64,16,1,Medio,1,1
CL00967,36,8974.06,16,1,Medio,0,0
CL00968,50,8274.0,11,2,Medio,0,0
CL00969,32,19187.78,18,1,Medio,0,0
CL00970,39,14923.47,4,2,Medio,0,0
CL00971,27,10924.35,16,3,Bajo,0,0
CL00972,52,10319.42,11,1,Medio,0,0
CL00973,43,14163.44,6,4,Alto,0,0
CL00974,52,12098.81,19,4,Bajo,0,0
CL00975,58,22874.13,13,1,Bajo,0,0
CL00976,43,7504.05,5,0,Medio,1,0
CL00977,43,16404.31,6,2,Medio,0,0
CL00978,46,6954.36,9,0,Bajo,1,1
CL00979,55,22259.1,11,1,Medio,1,1
CL00980,59,26874.64,15,1,Medio,1,1
CL00981,48,23244.53,6,4,Medio,1,0
CL00982,53,16737.75,12,0,Alto,0,1
CL00983,67,11087.19,19,1,Bajo,0,0
CL00984,27,19873.12,15,1,Alto,0,1
CL00985,40,21304.57,14,1,Medio,0,0
CL00986,55,14599.74,9,1,Bajo,1,1
CL00987,51,15368.46,13,0,Bajo,0,0
CL00988,62,16334.8,6,1,Alto,0,1
CL00989,64,7661.45,2,4,Bajo,0,0
CL00990,44,9052.52,12,0,Bajo,1,1
CL00991,40,8329.93,17,0,Bajo,0,0
CL00992,49,12507.93,17,0,Medio,1,1
CL00993,43,15006.88,7,1,Bajo,0,0
CL00994,35,22125.23,4,0,Medio,1,0
CL00995,39,13798.73,6,0,Medio,0,0
CL00996,36,12027.6,17,2,Bajo,0,0
CL00997,49,14428.93,14,0,Bajo,1,1
CL00998,63,14992.04,17,2,Bajo,0,0
CL00999,69,11224.48,10,1,Bajo,0,0
CL01000,47,13665.75,5,1,Medio,0,0
