edad,ingresos_mensuales,gastos_mensuales,visitas_app,usa_web,numero_tarjetas,score_crediticio,reclamos_anuales,actividad_mixta
63,5225.99,2793.9,7,0,1,441.0,1,0.029
20,4037.14,3169.66,5,1,1,614.0,1,0.844
46,4642.58,1233.76,5,0,2,641.0,0,0.592
52,6103.46,4311.59,7,1,0,498.0,0,0.84
56,6712.29,2727.3,6,0,0,605.0,0,0.948
35,4388.76,3587.87,0,1,0,708.0,1,0.775
37,6447.12,1934.63,5,1,0,542.0,0,0.141
60,5523.37,3752.05,6,0,0,729.0,0,0.617
40,5691.68,3996.62,4,1,0,489.0,0,0.81
51,2991.9,2842.305,7,0,1,523.0,0,0.567
50,6970.34,1800.49,5,1,3,574.0,0,0.136
67,4437.61,1441.33,6,0,2,740.0,0,0.1
65,1084.11,500.0,2,1,2,635.0,1,0.087
27,4069.01,3718.95,3,1,3,583.0,0,0.978
50,5039.78,3749.46,3,1,2,347.0,1,0.522
64,1000.0,950.0,5,1,2,625.0,3,0.108
50,8226.55,3119.75,5,0,2,644.0,0,0.169
65,4662.89,3248.54,5,0,1,606.0,0,0.036
43,4713.36,3289.36,5,1,3,795.0,0,0.221
37,4536.73,3352.19,3,1,1,581.0,1,0.914
32,4564.08,2931.46,7,1,3,567.0,1,0.93
54,6054.45,3321.26,6,0,2,636.0,0,0.773
50,4012.14,3349.49,5,0,1,641.0,2,0.34
34,4380.91,3296.74,11,0,2,541.0,0,0.889
22,4229.17,1553.16,5,1,2,519.0,1,0.069
67,5993.25,2617.79,8,0,2,658.0,0,0.117
21,4086.9,2966.91,8,1,2,561.0,0,0.283
20,5983.74,4080.17,8,0,1,673.0,0,0.334
38,8033.09,2605.34,5,1,2,459.0,0,0.424
57,5896.13,4724.11,5,1,2,564.0,0,0.487
20,4588.31,3950.16,5,1,3,575.0,0,0.356
38,3988.81,1745.54,3,1,0,514.0,0,0.125
65,4468.69,3906.35,4,1,3,546.0,0,0.56
66,6329.63,3593.21,6,1,3,571.0,1,0.851
25,7305.72,4380.95,6,1,0,764.0,1,0.76
59,5000.04,2652.21,4,1,0,714.0,0,0.581
53,4544.96,2948.83,3,1,0,636.0,1,0.14
46,4128.5,1282.66,5,1,0,455.0,0,0.0
56,6334.77,737.41,4,1,1,636.0,1,0.697
51,4996.0,2405.57,4,1,0,592.0,0,0.657
39,7273.24,3123.9,7,1,2,639.0,2,0.571
48,8087.95,2705.63,5,1,1,619.0,0,0.741
45,4147.55,2433.67,6,1,0,458.0,0,0.757
52,7272.03,3030.11,5,1,2,750.0,0,0.562
51,5648.66,2619.61,9,0,2,579.0,0,0.164
30,6806.47,1915.05,5,0,3,559.0,1,0.012
58,3392.2,3222.5899999999997,4,0,3,649.0,0,0.151
21,5311.58,4185.24,6,0,1,553.0,0,0.313
60,3344.88,2265.03,2,1,1,424.0,2,0.512
23,6704.88,4713.92,6,1,0,731.0,0,0.221
18,4087.57,3883.1915,9,0,0,679.0,0,0.628
29,4211.09,1785.79,4,1,3,701.0,0,0.678
52,2248.27,2135.8565,3,1,1,454.0,1,0.389
28,4521.19,3267.93,9,1,3,543.0,0,0.559
40,6603.74,3296.71,5,1,3,586.0,0,0.942
31,4485.32,4261.053999999999,7,1,2,659.0,1,0.663
36,8206.79,3654.89,3,0,1,694.0,3,0.639
54,4849.73,3696.94,6,0,3,603.0,0,0.635
33,7745.25,2142.09,11,1,1,541.0,0,0.063
61,3444.96,3136.29,8,1,2,775.0,0,0.706
45,4031.21,3829.6495,1,0,1,620.0,0,0.079
62,5304.27,2815.99,5,0,2,615.0,0,0.066
48,3861.3,2907.97,5,1,1,499.0,0,0.3
24,6131.54,2586.52,5,1,0,514.0,0,0.92
63,5687.5,3583.8,4,1,3,610.0,1,0.025
69,6154.05,3953.1,6,1,0,645.0,1,0.14
44,5284.74,3313.29,4,1,2,843.0,0,0.988
34,5182.78,3117.07,5,0,0,551.0,0,0.364
24,4005.26,3804.997,6,0,3,528.0,1,0.611
32,4491.58,3351.46,5,1,1,652.0,0,0.516
57,6949.35,1888.0,10,1,2,586.0,1,0.877
29,4315.61,2585.19,4,0,3,441.0,0,0.484
25,6227.34,4162.06,7,0,3,728.0,0,0.273
19,5443.48,3520.51,2,1,0,526.0,0,0.918
61,6574.84,2538.96,4,0,1,594.0,0,0.508
55,6147.54,2199.51,7,1,2,624.0,0,0.598
43,6474.33,3970.38,5,1,2,751.0,0,0.799
68,6356.75,2529.67,6,1,1,762.0,0,0.807
38,5847.17,2034.36,5,1,0,654.0,1,0.963
67,5111.51,2214.42,8,1,1,744.0,0,0.827
30,6555.91,1124.83,4,1,3,599.0,0,0.167
36,3170.68,3012.1459999999997,8,1,0,442.0,2,0.124
35,4224.61,3709.18,7,0,1,634.0,0,0.263
19,2925.0,2778.75,6,0,1,850.0,0,0.101
69,4764.07,4304.85,5,1,1,383.0,1,0.844
62,4423.66,2262.28,2,0,1,556.0,0,0.597
59,1861.77,1768.6815,5,1,2,703.0,0,0.071
66,4188.54,1246.16,4,1,0,662.0,0,0.259
45,3887.84,2474.32,2,1,2,653.0,0,0.767
67,3394.1,3224.395,5,1,3,492.0,0,0.817
40,5127.68,2683.55,6,0,1,528.0,0,0.95
21,5248.34,1840.82,10,1,1,642.0,1,0.55
21,4130.54,3924.013,11,1,3,742.0,0,0.223
29,7026.87,3185.69,9,1,1,429.0,1,0.062
39,6908.17,3062.83,4,0,1,507.0,0,0.672
43,6997.73,3102.54,7,0,3,744.0,0,0.151
57,7785.91,1945.6,2,0,0,489.0,0,0.204
59,4102.38,2215.09,7,1,3,570.0,1,0.635
52,4922.08,4137.71,3,1,2,569.0,0,0.481
21,2026.12,1924.8139999999999,5,0,3,584.0,0,0.104
29,6009.01,4202.34,4,1,3,502.0,1,0.393
21,4924.87,2949.49,6,1,1,644.0,2,0.265
69,3667.33,3483.9635,4,1,2,582.0,0,0.905
48,8119.18,1430.44,4,0,3,736.0,1,0.064
24,6830.59,2589.68,9,1,3,570.0,1,0.819
27,3452.19,1618.1,5,1,0,604.0,0,0.117
41,3222.06,3060.957,4,1,0,663.0,0,0.33
32,6051.48,2760.91,5,1,0,655.0,1,0.703
56,4373.9,3940.72,4,0,1,690.0,2,0.515
37,4078.62,3817.68,4,1,3,464.0,0,0.16
24,5353.35,3923.85,9,1,1,596.0,0,0.449
30,3481.21,3257.36,6,1,3,633.0,0,0.356
45,4362.51,1685.01,2,1,1,606.0,1,0.424
56,5165.22,3652.03,7,0,0,596.0,0,0.97
35,6160.75,1886.29,3,1,0,667.0,2,0.188
64,5594.07,3444.67,3,1,2,637.0,1,0.643
28,5238.06,1186.52,4,1,0,679.0,0,0.332
53,7456.95,3569.29,4,0,3,711.0,0,0.005
53,3790.98,2519.06,7,1,1,555.0,1,0.871
19,2676.33,2542.5135,6,1,2,614.0,0,0.363
65,4840.5,4598.474999999999,7,1,3,642.0,2,0.223
63,5335.74,4881.34,3,1,1,641.0,1,0.168
34,3166.54,3008.2129999999997,3,1,3,748.0,0,0.229
23,4419.4,3345.89,2,0,2,523.0,0,0.783
58,6248.4,2909.96,6,1,1,553.0,1,0.266
63,6190.52,1684.36,4,0,2,498.0,2,0.092
40,4043.96,3416.52,3,1,3,617.0,1,0.809
64,3619.95,3312.4,3,0,0,804.0,0,0.656
33,5797.25,3214.67,4,1,3,614.0,0,0.244
58,6369.44,3600.85,5,1,3,632.0,0,0.526
43,2998.62,2848.689,7,0,3,425.0,0,0.163
63,4973.66,3688.54,3,1,0,850.0,0,0.209
67,4805.48,2439.41,5,1,0,562.0,0,0.659
18,3929.56,3733.082,4,1,3,469.0,0,0.454
53,5368.07,2308.36,6,1,1,461.0,0,0.355
47,4470.8,3377.07,6,1,3,747.0,0,0.25
19,6166.81,4460.32,8,0,3,564.0,1,0.621
37,5907.0,2307.41,5,1,1,610.0,1,0.994
22,3028.63,2877.1985,5,1,1,662.0,2,0.798
48,2502.55,2377.4225,0,1,2,747.0,0,0.548
25,6101.48,2810.56,5,1,3,657.0,0,0.35
47,6908.15,3360.84,8,1,0,608.0,1,0.418
56,6445.42,506.59,3,1,0,514.0,0,0.716
19,6172.5,2073.84,5,1,2,607.0,2,0.841
30,4312.53,3538.27,5,1,0,705.0,0,0.059
21,5486.14,1591.83,5,0,1,647.0,0,0.274
62,8694.27,1233.5,10,1,2,592.0,0,0.647
69,5317.73,3895.38,4,1,3,579.0,0,0.325
25,6809.99,4444.09,3,0,2,673.0,0,0.796
56,2609.01,2478.5595000000003,9,1,3,636.0,0,0.813
42,5517.83,4034.98,6,0,3,539.0,0,0.012
24,5051.51,3008.58,7,1,3,767.0,2,0.419
31,4465.66,1540.32,3,0,2,569.0,0,0.393
46,6159.01,2806.17,7,1,2,606.0,1,0.299
62,6123.15,1543.2,7,1,1,570.0,0,0.339
38,4793.53,3226.34,4,1,2,675.0,0,0.355
54,5712.86,2682.22,5,0,1,558.0,1,0.82
66,6714.74,4179.09,7,1,1,569.0,0,0.759
50,6749.42,1531.52,6,1,0,594.0,0,0.298
58,3986.04,3651.54,1,1,3,592.0,0,0.365
42,8742.91,1778.43,7,1,0,661.0,1,0.976
63,6010.56,3399.29,7,1,2,586.0,1,0.436
31,4315.15,3398.4,4,0,1,840.0,0,0.292
26,4897.66,4267.45,5,1,3,537.0,0,0.87
32,3208.55,1705.84,3,1,1,650.0,1,0.598
24,3753.92,3566.2239999999997,8,1,3,790.0,2,0.076
19,5336.12,2570.87,7,0,3,646.0,0,0.049
48,2895.45,1932.88,4,1,3,669.0,0,0.871
24,4254.15,3092.12,3,1,1,739.0,0,0.432
58,4155.58,3133.0,2,0,1,431.0,0,0.489
28,4756.82,3322.95,5,1,2,470.0,1,0.692
30,2641.28,2509.216,10,1,1,553.0,1,0.596
30,5014.62,3671.77,10,1,0,300.0,1,0.781
43,5721.06,1129.91,4,1,2,500.0,0,0.022
60,5582.45,5303.327499999999,4,0,1,332.0,1,0.237
67,2028.07,1395.19,7,1,3,490.0,1,0.015
25,7142.21,2685.98,7,1,0,437.0,0,0.625
31,7219.21,3688.63,8,1,2,652.0,1,0.767
62,4547.28,2120.81,5,1,0,595.0,0,0.034
19,7650.84,5797.29,6,0,3,582.0,0,0.218
59,4828.4,4233.57,7,1,1,574.0,0,0.996
32,4408.1,3600.22,6,1,0,479.0,0,0.21
41,3440.4,2422.73,7,1,2,502.0,0,0.195
51,4901.67,1373.72,6,0,2,695.0,1,0.544
21,4788.27,1702.69,5,1,0,620.0,2,0.172
35,4543.91,1961.24,3,1,0,620.0,0,0.2
42,5374.0,2563.36,6,1,0,712.0,0,0.737
64,5375.64,2715.88,4,1,0,639.0,0,0.865
41,2825.33,2684.0634999999997,4,0,1,557.0,1,0.355
23,6379.57,3583.4,6,1,2,577.0,0,0.35
51,6163.2,3422.36,8,0,2,409.0,0,0.467
68,4953.13,2618.9,6,1,3,489.0,0,0.876
55,4758.19,3195.2,5,1,0,587.0,0,0.254
20,4581.29,4176.16,6,0,3,746.0,0,0.942
36,4314.71,3489.06,6,0,3,651.0,0,0.861
64,3571.66,2875.13,8,0,2,511.0,0,0.016
63,3422.29,3251.1755,9,1,2,506.0,2,0.507
53,6546.21,2872.26,4,0,3,667.0,0,0.153
36,7744.25,3602.19,5,1,1,678.0,2,0.528
45,6275.91,500.0,2,1,0,522.0,1,0.398
64,4348.11,1684.59,2,0,1,527.0,1,0.304
27,5102.64,3009.25,5,1,1,528.0,1,0.044
35,3727.68,850.33,2,1,0,452.0,0,0.69
21,4611.42,764.85,2,0,0,620.0,0,0.906
29,6056.98,3282.44,5,1,2,591.0,1,0.815
44,3296.87,3132.0265,6,1,1,672.0,1,0.754
46,2869.65,2726.1675,6,1,1,488.0,1,0.41
29,5841.74,4057.78,8,0,0,578.0,1,0.786
28,3728.88,1662.02,3,0,0,499.0,0,0.095
21,4108.58,3476.06,10,1,0,664.0,0,0.19
63,3391.85,2243.6,9,0,1,447.0,1,0.518
41,4561.48,3795.42,6,0,3,462.0,0,0.848
43,4461.07,2291.02,1,1,3,624.0,1,0.489
45,5589.69,3555.06,3,1,2,619.0,0,0.74
64,4427.99,2341.17,6,1,0,599.0,0,0.27
21,4221.45,4010.3774999999996,8,1,1,542.0,0,0.027
53,6707.38,2501.79,8,0,0,437.0,1,0.621
32,4267.89,2970.46,4,1,2,527.0,1,0.47
39,5171.15,1407.9,4,0,3,452.0,1,0.809
66,6257.17,2124.71,3,0,3,659.0,0,0.425
41,5965.2,2897.61,6,1,3,612.0,1,0.529
41,6464.43,2040.92,2,1,1,682.0,0,0.438
54,5520.67,2888.51,3,1,3,499.0,0,0.177
22,6402.3,2863.71,9,0,3,540.0,0,0.783
23,4499.11,2896.26,3,1,0,535.0,0,0.513
66,6954.12,3766.12,2,1,1,630.0,3,0.789
27,5212.77,2644.6,4,0,0,536.0,0,0.809
20,7212.89,2051.88,3,1,1,608.0,1,0.172
55,6316.49,4052.21,2,0,3,636.0,0,0.385
51,6290.37,3444.8,4,1,3,471.0,1,0.772
23,6101.25,3062.04,4,0,3,646.0,0,0.515
27,5812.24,4712.86,2,0,2,555.0,2,0.589
33,4414.1,3005.95,6,1,2,540.0,0,0.087
46,3806.25,3577.18,4,1,3,509.0,1,0.396
20,3692.69,3176.3,8,0,2,514.0,0,0.493
28,5759.28,2931.45,5,1,0,733.0,0,0.617
54,6025.56,2023.05,5,0,3,781.0,0,0.772
21,4699.13,2834.02,4,0,3,609.0,0,0.569
66,7457.82,1869.45,8,1,1,528.0,0,0.636
21,4888.55,1689.11,7,1,2,616.0,0,0.526
41,4712.98,1500.8,5,0,0,721.0,0,0.542
45,4030.06,2981.42,5,1,0,561.0,2,0.542
52,4095.41,2513.83,5,0,2,629.0,1,0.0
55,5580.92,2303.18,5,1,2,480.0,0,0.685
67,3470.25,912.82,9,1,3,553.0,0,0.833
41,4760.55,3648.81,3,0,3,769.0,1,0.451
39,6343.34,4694.33,5,1,3,484.0,1,0.936
43,5267.8,2520.91,4,0,3,563.0,0,0.281
35,4950.03,2210.87,10,1,0,556.0,0,0.546
20,5756.75,3683.9,7,1,2,650.0,1,0.908
63,5767.9,2352.07,5,1,1,477.0,0,0.956
28,5941.18,2137.39,4,1,3,669.0,0,0.908
26,4732.67,2252.15,5,1,0,790.0,0,0.164
50,4819.94,4284.32,3,1,2,644.0,1,0.658
43,3602.03,2525.57,2,1,3,699.0,0,0.652
53,3094.23,1398.62,3,1,3,751.0,1,0.138
21,6212.89,3034.78,8,1,2,456.0,1,0.831
69,4788.15,2842.26,3,1,1,573.0,1,0.614
19,3311.49,3145.9154999999996,0,0,3,635.0,1,0.319
25,5062.74,2937.72,6,1,2,621.0,0,0.755
24,9407.41,2738.26,3,0,3,504.0,1,0.627
53,1681.28,1597.216,2,1,0,732.0,0,0.372
51,6269.87,3728.1,5,0,2,496.0,0,0.886
57,2521.8,2395.71,2,0,0,583.0,0,0.561
36,3349.6,3182.12,5,1,3,541.0,0,0.187
46,3536.63,2926.21,1,1,0,623.0,0,0.105
56,4629.74,1286.89,4,1,0,631.0,0,0.026
23,6483.67,3153.98,2,1,2,538.0,1,0.127
27,8597.52,2919.99,6,1,2,365.0,0,0.125
58,5282.43,3911.8,4,0,1,530.0,1,0.317
59,7212.13,2756.85,3,0,0,758.0,0,0.672
22,7254.3,4730.35,5,1,1,569.0,0,0.51
41,3838.45,2724.51,6,1,2,571.0,1,0.925
58,6428.41,2926.5,4,0,2,810.0,0,0.658
39,5302.64,3635.04,6,1,3,616.0,0,0.097
43,7145.47,3945.38,2,1,3,475.0,0,0.372
68,4806.77,2998.16,2,1,2,540.0,0,0.692
54,3935.62,1988.45,4,1,2,660.0,1,0.543
62,4839.89,2751.94,8,1,1,716.0,0,0.311
46,6547.96,5132.35,6,1,2,523.0,0,0.42
53,2300.29,2185.2754999999997,2,1,0,452.0,0,0.992
37,5619.7,3430.48,6,1,3,560.0,1,0.606
35,4506.47,3980.75,5,1,2,591.0,0,0.262
57,2829.39,2687.9204999999997,3,1,2,499.0,0,0.131
62,4461.61,2929.49,9,1,0,529.0,1,0.278
58,5713.53,4750.04,7,1,0,709.0,1,0.631
32,3658.89,2989.77,7,1,1,559.0,1,0.607
32,6656.78,3300.93,6,0,3,475.0,0,0.503
41,5960.85,3886.76,8,0,1,531.0,1,0.663
46,5055.98,3546.79,3,1,0,508.0,0,0.119
34,3607.41,3427.0395,2,1,0,736.0,0,0.86
66,6023.39,1883.5,6,1,3,640.0,0,0.125
64,6807.08,4335.44,3,1,3,492.0,0,0.079
42,6226.22,3068.31,6,1,0,661.0,2,0.179
33,5502.05,4434.2,4,1,1,577.0,0,0.359
67,5696.36,2885.35,3,0,3,691.0,0,0.635
34,3342.13,2627.85,5,1,3,593.0,0,0.356
64,6065.92,1625.59,4,0,2,747.0,0,0.653
64,4714.02,2737.58,10,0,1,523.0,1,0.951
38,2061.4,1958.33,6,0,1,611.0,1,0.06
61,2339.6,2222.62,4,1,1,527.0,0,0.529
65,4064.68,2615.98,3,1,3,666.0,1,0.08
44,3196.44,3036.618,5,1,1,648.0,0,0.161
22,6020.68,3296.91,5,1,2,582.0,0,0.736
39,5317.16,2132.13,8,1,0,696.0,0,0.862
50,5288.28,3965.14,13,0,1,442.0,0,0.97
57,5979.83,4276.11,3,1,2,544.0,1,0.062
19,6082.42,4956.74,3,1,2,484.0,0,0.036
52,8298.33,2245.16,4,1,3,637.0,0,0.455
60,5704.05,2982.72,5,1,1,511.0,1,0.561
36,2805.42,2665.149,7,0,3,477.0,1,0.412
57,4004.42,1877.52,4,1,0,578.0,0,0.404
44,4198.08,2333.79,7,1,2,484.0,0,0.315
57,4784.75,2805.27,3,1,3,585.0,1,0.354
53,5580.65,3591.07,2,0,1,518.0,1,0.314
56,5245.36,3481.96,7,0,2,527.0,0,0.477
19,5886.61,2082.35,5,1,1,531.0,1,0.608
58,4581.29,4178.86,3,0,3,833.0,1,0.47
35,4654.66,2104.27,4,1,1,812.0,0,0.017
63,4671.73,2567.01,3,1,0,751.0,1,0.66
40,2362.35,2244.2324999999996,7,1,3,446.0,0,0.754
43,5542.38,3310.62,4,1,2,724.0,1,0.863
28,1817.9,1727.005,7,1,3,708.0,0,0.277
65,6839.46,3643.77,2,1,2,636.0,0,0.026
18,7022.57,2839.71,3,1,3,514.0,0,0.751
53,4176.87,1008.26,6,1,0,606.0,1,0.574
67,5243.17,1581.91,4,0,2,796.0,1,0.133
37,3198.86,2660.94,9,1,3,627.0,0,0.426
48,5256.5,3129.22,1,1,1,752.0,1,0.757
25,7613.46,4172.12,6,1,0,758.0,1,0.94
57,4811.8,2378.88,4,1,0,460.0,0,0.269
41,6348.53,3143.33,11,1,1,749.0,1,0.33
37,3762.87,3574.7264999999998,3,0,2,564.0,1,0.342
32,3367.09,2028.55,3,1,1,603.0,0,0.995
47,5700.83,2330.43,8,1,3,645.0,0,0.235
37,5635.76,4737.67,11,0,3,718.0,0,0.427
55,3968.86,662.3,6,0,1,574.0,1,0.436
19,5625.52,3827.4,4,1,1,563.0,2,0.799
23,7360.75,1797.25,4,1,3,501.0,2,0.581
59,4948.23,3706.59,4,1,3,688.0,0,0.685
35,4915.59,2342.46,5,0,1,503.0,1,0.196
53,3593.84,3280.36,5,1,0,618.0,0,0.382
31,3118.34,2301.32,5,1,3,484.0,0,0.834
43,4959.2,3624.82,4,0,1,458.0,2,0.387
51,4709.06,2745.04,9,1,3,701.0,0,0.309
47,5318.91,2482.9,6,0,3,565.0,2,0.934
24,6545.6,3228.93,1,0,3,599.0,0,0.232
47,5145.91,3165.82,2,1,2,524.0,1,0.032
35,4813.48,3907.07,6,1,3,602.0,0,0.735
39,5750.49,2519.3,6,1,2,467.0,0,0.005
34,3661.04,2267.34,6,1,2,654.0,1,0.852
48,5319.26,2686.94,4,1,2,542.0,0,0.213
34,3434.94,2592.67,8,1,2,615.0,1,0.559
48,6021.05,4011.96,4,1,2,383.0,0,0.289
30,4323.8,4107.61,4,1,3,666.0,0,0.869
44,3861.01,1840.65,5,1,2,464.0,0,0.382
37,2335.45,1765.05,4,0,1,657.0,0,0.303
34,3581.16,1955.78,6,1,2,480.0,0,0.95
46,3959.92,3761.924,3,1,1,667.0,0,0.359
56,5209.58,1324.67,5,1,2,679.0,0,0.861
52,4100.73,3515.48,2,0,0,656.0,0,0.432
25,2733.91,2593.75,4,0,2,721.0,0,0.558
60,2519.09,2393.1355,9,1,0,497.0,0,0.102
55,7986.59,3101.89,4,1,1,557.0,1,0.072
32,1854.28,1761.5659999999998,6,1,2,631.0,0,0.101
67,2336.11,2219.3045,7,0,1,650.0,0,0.66
18,4243.84,3504.95,5,1,1,609.0,1,0.789
50,5784.17,3943.79,8,0,2,495.0,1,0.5
20,4559.95,3421.51,4,0,3,525.0,1,0.893
56,6107.08,1382.41,7,1,0,561.0,1,0.486
55,5664.47,2089.05,7,1,1,491.0,0,0.77
65,3670.99,2244.0,8,1,0,608.0,0,0.629
32,4594.81,2950.92,2,0,0,422.0,0,0.69
59,4704.38,3914.59,12,0,3,595.0,1,0.143
35,6977.47,2757.48,4,0,3,510.0,0,0.814
55,6746.6,2891.21,4,0,3,481.0,0,0.394
48,4418.26,3949.36,5,0,3,722.0,0,0.961
37,4355.45,3307.91,6,1,2,465.0,0,0.842
24,8193.52,2144.58,4,1,2,592.0,0,0.504
54,2967.76,2819.3720000000003,2,1,3,515.0,1,0.964
44,3858.32,2751.86,5,0,0,798.0,0,0.244
25,4518.48,4292.556,7,1,3,728.0,1,0.848
31,6054.36,2751.25,5,0,3,481.0,0,0.36
67,4535.51,2092.64,7,1,1,512.0,0,0.926
32,3160.54,2411.14,6,0,3,611.0,0,0.35
24,3134.84,1529.69,2,0,2,757.0,1,0.992
50,7365.88,3045.5,7,1,2,493.0,1,0.834
69,6549.99,4410.97,5,1,0,658.0,2,0.302
51,5475.48,3146.13,5,1,3,548.0,0,0.295
21,5023.2,1509.84,3,0,0,733.0,0,0.771
18,4190.09,1399.49,3,0,1,672.0,0,0.302
58,5626.47,5345.1465,3,1,1,575.0,0,0.017
31,5635.46,4109.78,7,0,1,581.0,1,0.324
48,4889.47,1151.58,4,1,2,719.0,0,0.749
55,3388.91,3219.4644999999996,7,1,0,487.0,0,0.704
67,4659.54,1732.58,1,1,2,551.0,1,0.835
37,5756.18,3251.04,8,0,3,638.0,1,0.692
20,3491.83,2436.01,5,1,1,640.0,0,0.513
52,5113.3,2730.99,8,0,1,421.0,0,0.004
63,6603.61,4314.55,6,1,1,520.0,0,0.758
50,5408.84,2583.91,2,0,1,553.0,0,0.891
32,3155.18,2988.68,2,1,1,722.0,2,0.525
20,6295.98,3016.83,7,0,2,708.0,0,0.264
45,7314.41,1934.05,9,1,0,591.0,0,0.646
44,5313.7,4108.03,6,1,1,567.0,0,0.768
64,5936.69,2853.32,6,1,1,745.0,1,0.608
64,2470.27,2346.7565,6,1,3,695.0,0,0.864
50,4017.72,2967.52,5,1,0,541.0,0,0.883
36,2822.85,2624.18,5,0,0,606.0,0,0.754
50,4013.34,2834.26,3,0,2,831.0,1,0.622
48,2130.97,1496.75,3,0,1,607.0,0,0.897
21,3569.18,3211.08,4,1,1,584.0,0,0.833
49,3888.68,2964.42,6,1,2,762.0,1,0.484
59,4965.03,3595.27,8,1,0,510.0,1,0.894
45,6254.3,2481.43,5,0,2,675.0,0,0.079
33,5221.64,2493.03,6,0,3,801.0,0,0.654
66,6664.91,1442.24,7,0,0,542.0,1,0.561
60,4260.21,1819.93,4,1,2,633.0,0,0.507
45,7085.56,4971.35,6,0,1,584.0,1,0.013
32,2376.04,1938.04,3,1,3,556.0,0,0.117
65,5577.43,500.0,6,1,2,488.0,0,0.415
39,3019.04,2868.0879999999997,5,0,2,454.0,1,0.439
48,5707.03,2601.51,8,0,0,628.0,0,0.413
38,4454.86,3523.45,4,0,2,448.0,0,0.863
49,7617.73,4101.05,4,1,1,613.0,0,0.533
24,5225.1,1579.44,10,0,1,635.0,0,0.269
50,3795.06,3093.64,3,1,0,515.0,0,0.693
25,2430.28,2308.766,6,1,3,674.0,2,0.237
31,4520.43,2405.24,2,1,1,657.0,1,0.405
42,3881.45,3687.3774999999996,4,1,2,686.0,1,0.309
49,7490.42,2156.76,6,0,3,440.0,2,0.72
45,5180.3,2322.32,8,1,1,453.0,3,0.087
19,5664.41,3964.4,3,1,0,696.0,2,0.667
34,4258.88,1449.76,5,0,1,820.0,0,0.621
44,6040.67,1331.5,6,1,2,642.0,0,0.091
19,3920.7,2673.28,8,0,1,514.0,0,0.057
25,5822.89,2953.63,4,0,2,660.0,1,0.357
55,3789.3,3226.07,4,1,1,572.0,1,0.553
37,5513.97,3427.89,6,0,2,842.0,0,0.504
66,8011.65,2813.51,5,1,1,671.0,0,0.03
54,7361.57,2801.02,2,1,0,393.0,0,0.16
38,3809.76,3106.27,6,1,3,744.0,1,0.699
43,3445.2,3272.9399999999996,5,1,1,591.0,0,0.04
48,6900.66,2461.9,4,1,0,632.0,1,0.773
37,6927.17,2116.66,4,1,3,653.0,2,0.604
23,4059.63,2810.7,7,1,1,713.0,0,0.297
67,3736.45,3549.6274999999996,4,0,1,592.0,0,0.976
32,5567.6,1576.79,5,1,2,628.0,0,0.717
18,5606.38,1878.73,3,1,1,629.0,0,0.58
43,4702.13,3453.29,5,0,0,544.0,0,0.69
46,5807.8,2353.03,6,1,0,697.0,0,0.842
19,3907.88,3712.486,2,1,0,710.0,0,0.231
39,3617.1,3436.245,5,1,0,529.0,1,0.268
46,4254.9,4042.1549999999993,5,1,0,546.0,1,0.71
26,5005.84,2530.9,6,1,2,407.0,0,0.176
58,5164.56,3290.25,5,1,2,640.0,0,0.612
38,2982.06,2832.957,5,1,2,679.0,1,0.182
49,4395.97,2680.34,7,0,3,660.0,0,0.197
49,6544.55,2891.16,4,0,1,581.0,1,0.407
64,4651.89,1518.23,4,0,2,614.0,1,0.489
61,5020.14,3421.91,8,1,1,584.0,1,0.125
57,3145.4,1870.29,1,0,3,761.0,0,0.122
43,6774.78,3862.86,4,1,2,675.0,0,0.263
65,5182.76,3811.67,6,1,3,597.0,0,0.01
30,3700.32,2746.37,5,1,3,613.0,1,0.604
20,3608.2,3393.72,3,1,2,712.0,0,0.831
49,4781.5,2128.55,5,1,2,467.0,1,0.996
50,4962.7,3451.97,8,1,0,599.0,0,0.526
50,5416.73,2630.44,7,1,0,300.0,0,0.691
59,4136.76,2350.4,4,1,1,469.0,0,0.59
59,3919.62,1965.26,9,1,1,542.0,2,0.158
30,5169.66,3188.51,3,1,3,502.0,0,0.113
60,2223.62,2112.439,4,1,1,603.0,0,0.034
23,2499.94,2374.9429999999998,5,0,3,406.0,1,0.521
21,5302.35,3295.06,8,1,3,578.0,1,0.371
55,5915.38,2614.8,7,1,3,850.0,0,0.956
23,3612.58,2567.95,6,1,3,689.0,0,0.078
68,6623.95,5734.05,4,0,1,791.0,1,0.214
20,5534.0,4269.19,7,1,1,642.0,1,0.946
44,4309.36,3657.87,4,1,1,605.0,0,0.856
57,6366.71,4515.55,4,0,2,537.0,2,0.79
37,5344.66,3297.12,3,1,0,727.0,1,0.775
35,3907.13,2749.83,3,1,1,761.0,0,0.46
37,4444.1,2982.43,2,1,2,558.0,2,0.926
47,4910.87,4665.3265,4,1,0,656.0,1,0.557
27,5456.04,2595.41,4,0,2,554.0,0,0.932
69,7747.02,2802.0,5,1,0,584.0,0,0.974
40,1128.08,1071.676,5,1,3,544.0,0,0.77
64,1223.46,1162.287,6,0,0,614.0,1,0.428
20,6442.24,3578.83,4,1,2,535.0,0,0.042
69,4285.83,4071.5384999999997,3,1,3,578.0,1,0.596
67,8201.02,6375.22,2,1,0,636.0,0,0.75
26,6061.92,3439.63,4,1,0,695.0,0,0.95
66,5882.3,3068.35,7,1,2,693.0,2,0.655
36,6671.08,2110.33,5,1,1,597.0,2,0.043
53,3902.11,734.08,11,1,2,810.0,0,0.775
57,3134.53,2977.8035,6,0,2,592.0,0,0.03
44,2928.32,2781.904,1,0,2,619.0,0,0.548
59,3893.26,2158.9,8,1,0,530.0,0,0.653
45,4982.35,1846.13,3,1,3,618.0,1,0.122
60,4033.79,3557.93,5,1,1,718.0,0,0.847
68,4945.32,2681.45,8,1,2,623.0,0,0.696
25,2499.06,1864.99,5,1,3,700.0,0,0.28
59,5843.3,4047.36,4,1,1,538.0,1,0.71
65,3018.14,2671.83,7,1,2,473.0,0,0.383
25,3097.92,2943.024,5,1,3,683.0,1,0.041
35,8585.13,3453.89,9,0,3,524.0,0,0.312
38,4408.0,2016.45,5,1,1,540.0,0,0.258
63,4081.1,3535.3,5,1,3,501.0,0,0.364
30,4824.33,1703.25,4,1,3,396.0,1,0.341
44,4810.52,3829.04,7,1,2,588.0,0,0.496
64,7382.43,3391.01,9,1,0,559.0,0,0.277
57,7361.49,4254.3,3,1,2,513.0,0,0.144
33,4270.93,3066.84,6,1,3,525.0,1,0.493
57,2768.9,2630.455,3,1,0,586.0,2,0.904
26,4300.65,2226.41,3,1,2,594.0,0,0.153
44,5131.78,1413.37,5,1,2,683.0,1,0.359
34,3964.4,3766.18,5,0,3,692.0,0,0.012
20,4654.02,1196.38,3,1,3,679.0,1,0.17
21,2707.36,2571.992,6,1,3,531.0,1,0.459
57,7231.7,3290.6,2,1,2,683.0,1,0.397
69,3826.59,1905.43,3,1,3,639.0,1,0.873
18,4227.91,3203.29,7,1,3,702.0,0,0.05
31,6633.69,2416.45,9,1,1,707.0,0,0.459
25,4191.69,3749.18,3,1,2,693.0,0,0.787
24,4119.34,2353.09,4,1,3,744.0,0,0.517
47,2240.38,2128.361,2,0,0,576.0,0,0.612
42,6842.78,3781.22,7,0,2,513.0,0,0.708
56,4714.27,4344.71,8,0,0,730.0,1,0.478
33,7195.58,3216.06,2,0,1,550.0,0,0.714
28,5484.19,1610.77,2,1,0,623.0,0,0.039
42,4784.94,2599.05,4,0,3,499.0,0,0.416
50,2671.14,2005.05,7,1,0,645.0,0,0.053
69,3633.93,3440.74,10,1,1,544.0,0,0.419
68,3712.86,3527.217,10,1,2,473.0,0,0.681
65,5458.33,5181.46,3,1,3,505.0,0,0.293
38,5805.39,2607.57,8,0,2,548.0,1,0.331
69,7938.6,2526.14,10,1,3,514.0,1,0.253
69,5335.97,5069.1715,5,1,2,775.0,0,0.33
27,6155.15,2303.27,3,1,2,625.0,1,0.951
67,5149.87,2369.0,6,1,0,531.0,0,0.446
26,6766.22,3323.37,5,1,3,693.0,2,0.523
18,8173.01,4216.68,6,0,2,449.0,1,0.979
51,4246.3,1450.74,6,0,0,652.0,1,0.215
48,5484.97,3145.74,4,1,0,392.0,0,0.528
38,3479.97,2423.19,7,1,0,548.0,0,0.772
41,4030.33,3828.8134999999997,8,1,0,499.0,1,0.855
36,4976.76,3347.57,2,1,1,512.0,0,0.939
65,4434.98,3459.34,4,0,1,644.0,1,0.313
38,8099.73,2487.69,2,0,2,507.0,1,0.299
42,3825.76,2529.48,1,0,1,731.0,1,0.984
37,4205.29,3503.66,6,0,3,382.0,0,0.469
43,5025.67,1723.65,6,1,2,509.0,0,0.147
24,3714.52,1234.89,10,0,2,476.0,0,0.021
20,2534.1,2407.395,5,1,0,619.0,0,0.633
57,4041.77,2155.1,7,0,1,544.0,1,0.481
65,3873.74,3549.6,5,1,0,477.0,0,0.269
25,5441.95,2370.42,9,1,1,600.0,0,0.935
47,5680.86,4811.65,8,0,0,706.0,0,0.301
28,6790.97,2842.5,7,0,0,588.0,1,0.395
25,7874.57,3057.65,5,1,1,591.0,0,0.083
54,5491.32,2521.76,6,1,0,574.0,1,0.34
34,3597.15,2668.34,6,1,2,430.0,0,0.435
25,4630.42,3911.6,5,1,1,547.0,0,0.653
64,5551.38,2832.91,7,0,2,624.0,0,0.716
61,5619.19,4861.61,8,1,2,644.0,0,0.082
47,4529.76,4303.272,7,1,1,656.0,0,0.831
60,7534.07,3823.67,7,1,0,627.0,1,0.704
60,4824.26,4501.31,4,1,3,809.0,0,0.929
33,3497.86,3322.967,3,1,0,668.0,1,0.248
21,5114.6,1451.08,7,1,1,635.0,0,0.789
38,5278.77,5014.8315,4,1,1,518.0,0,0.975
67,6729.04,3930.69,1,1,0,418.0,0,0.694
51,4864.67,1669.12,2,1,3,583.0,0,0.155
57,6654.09,4138.35,3,1,2,698.0,0,0.577
52,5873.04,2500.02,10,0,0,552.0,1,0.829
30,7978.27,2124.6,5,1,1,556.0,0,0.366
60,3455.45,3282.6775,8,1,3,712.0,0,0.348
44,6819.14,1415.37,6,1,1,433.0,1,0.705
25,5807.46,3100.07,3,1,3,592.0,0,0.951
58,3420.37,2786.97,3,1,1,777.0,0,0.512
59,4017.01,3448.17,3,1,1,816.0,0,0.076
46,5888.47,3467.25,9,1,0,778.0,1,0.317
33,4902.15,1879.11,6,1,3,550.0,0,0.028
60,5081.89,4149.86,7,0,3,766.0,0,0.051
63,3468.18,3130.99,4,1,2,659.0,0,0.991
22,5005.95,3506.21,7,1,1,368.0,1,0.816
54,5514.07,1275.47,5,1,1,776.0,0,0.314
57,4923.36,3610.75,5,1,3,551.0,0,0.432
57,5975.98,2464.64,7,0,2,661.0,1,0.44
59,4302.92,2383.64,3,1,1,559.0,0,0.68
27,2002.24,1902.128,6,0,3,600.0,1,0.711
32,2899.14,2754.1829999999995,2,1,2,679.0,0,0.037
38,5023.28,3539.86,0,1,1,684.0,0,0.038
51,6787.6,3894.65,6,1,0,504.0,2,0.936
39,5488.32,1697.42,6,1,3,701.0,0,0.877
39,3637.6,2844.62,6,1,2,657.0,0,0.527
26,5983.3,2975.88,7,0,2,628.0,0,0.315
43,5360.37,2079.02,3,1,2,623.0,0,0.218
30,4032.06,3239.97,5,0,0,674.0,0,0.6
35,5540.04,3726.17,2,1,1,567.0,0,0.973
18,2183.55,2074.3725,3,0,1,547.0,0,0.319
40,5351.06,1657.38,11,1,1,470.0,1,0.296
50,5936.49,1165.19,1,1,3,709.0,0,0.921
64,6217.91,4143.95,4,1,3,673.0,0,0.72
48,1966.76,1294.83,2,1,1,575.0,1,0.086
38,3621.25,2671.63,9,0,2,661.0,0,0.066
40,6623.2,2918.24,4,1,3,583.0,0,0.563
33,4699.08,3191.66,5,0,3,542.0,0,0.364
44,4125.1,3918.8450000000003,4,1,2,623.0,1,0.602
54,3223.88,2865.6,2,0,0,636.0,1,0.07
55,6620.92,2422.42,6,1,1,655.0,0,0.175
69,1000.0,950.0,10,1,3,615.0,0,0.232
31,5119.64,4125.76,7,0,1,578.0,0,0.075
54,5116.78,3679.62,4,0,2,609.0,0,0.863
64,6315.82,4581.43,6,1,3,337.0,0,0.457
24,3791.9,3602.305,4,1,0,581.0,0,0.843
29,3744.09,3297.99,2,1,1,684.0,1,0.718
45,5915.63,2101.7,5,0,0,708.0,0,0.105
20,3646.64,3400.28,3,1,0,665.0,0,0.939
39,6577.91,3533.58,4,1,1,450.0,0,0.199
68,7364.12,4013.91,4,1,1,746.0,0,0.536
38,2494.05,2302.25,6,0,0,456.0,2,0.948
46,4819.85,3296.88,8,1,0,750.0,1,0.142
37,4616.77,4099.84,2,1,3,521.0,0,0.623
20,2968.27,2819.8565,5,0,1,436.0,1,0.718
44,7190.71,1685.67,3,0,0,649.0,0,0.076
38,6418.13,1222.65,5,1,0,726.0,0,0.783
58,5656.15,3867.07,4,1,0,393.0,1,0.552
50,4467.72,2701.33,8,1,1,633.0,0,0.237
47,5719.78,3378.37,2,0,0,537.0,1,0.407
65,6140.04,1898.7,4,1,3,722.0,1,0.275
56,5003.37,4178.66,7,1,0,463.0,0,0.526
58,7297.56,4286.72,6,1,3,576.0,0,0.34
26,5103.13,3530.92,4,1,0,663.0,0,0.825
65,3247.67,3085.2864999999997,3,0,1,646.0,0,0.335
55,4005.51,3805.2345,2,0,1,554.0,1,0.471
40,5628.4,4716.84,4,1,3,549.0,0,0.383
40,4457.85,2578.0,4,1,3,559.0,1,0.078
18,5964.84,2480.38,3,1,2,625.0,0,0.737
38,1380.91,1311.8645,7,1,1,581.0,2,0.227
49,3058.9,2905.955,4,1,3,687.0,1,0.565
62,4465.84,2824.34,5,1,2,558.0,0,0.385
43,2347.69,2230.3055,7,1,2,475.0,0,0.454
50,4970.53,2471.01,8,1,3,503.0,0,0.561
26,7424.26,5031.08,4,1,1,403.0,0,0.504
34,4492.08,3521.3,5,1,3,599.0,0,0.541
23,6168.61,4269.95,4,1,3,703.0,1,0.713
63,5099.64,1474.98,1,0,1,675.0,2,0.258
24,6698.38,3672.61,4,0,3,566.0,2,0.195
24,4320.91,2166.07,4,1,3,642.0,1,0.525
54,5982.16,4049.56,4,1,0,634.0,1,0.432
22,1436.55,1364.7224999999999,6,0,1,595.0,2,0.878
50,3938.83,3687.04,8,1,2,652.0,0,0.545
67,6432.51,3354.61,6,1,0,509.0,0,0.617
27,7012.64,3989.2,6,0,1,623.0,0,0.666
34,3254.91,2696.47,7,0,3,544.0,0,0.826
57,3171.43,2076.28,6,1,0,497.0,1,0.599
45,6133.76,2944.31,5,1,0,529.0,1,0.878
64,6114.47,1893.04,3,0,3,621.0,0,0.228
63,4654.72,3078.41,12,1,3,676.0,0,0.875
39,5891.49,3298.75,4,1,1,572.0,0,0.278
38,3362.6,2910.64,4,1,2,683.0,0,0.971
64,4709.19,3449.81,7,1,2,639.0,0,0.614
49,3010.1,2101.2,5,1,0,640.0,0,0.528
49,4458.26,2463.16,6,1,3,725.0,0,0.113
68,5272.85,2743.96,1,1,3,816.0,1,0.788
53,6543.1,2994.91,7,0,3,660.0,1,0.889
48,5435.34,3832.5,3,1,3,806.0,1,0.089
23,4435.1,2095.55,4,1,2,673.0,0,0.71
38,5534.91,2547.53,5,1,3,491.0,0,0.372
52,4317.99,4102.090499999999,3,1,1,531.0,0,0.498
31,4510.66,2287.51,6,1,3,627.0,0,0.608
40,2018.11,1917.2044999999998,7,0,1,691.0,1,0.126
59,3231.84,3070.248,11,1,1,648.0,0,0.824
41,4353.15,4135.492499999999,7,0,3,646.0,1,0.825
47,3101.63,2946.5485,3,0,3,365.0,1,0.563
27,5723.65,1232.54,3,0,2,619.0,0,0.553
22,7631.72,4641.85,4,0,0,607.0,0,0.015
59,6130.9,3334.38,9,0,0,614.0,1,0.591
47,5718.74,1840.52,4,1,3,771.0,0,0.633
24,3659.69,1702.25,5,1,1,627.0,0,0.796
23,3865.59,2118.34,7,0,2,598.0,0,0.18
25,6334.38,3404.0,3,1,1,816.0,0,0.783
69,6017.98,500.0,3,0,2,594.0,0,0.265
43,3915.85,3720.0575,6,1,3,587.0,0,0.101
35,6547.01,3261.98,3,1,3,451.0,1,0.663
53,2428.98,826.32,1,0,1,543.0,1,0.849
43,2007.58,1907.2009999999998,1,1,3,602.0,1,0.327
53,3586.2,1838.51,5,1,0,634.0,1,0.312
58,5296.62,883.33,4,1,3,421.0,0,0.283
21,4915.88,2491.65,0,1,3,530.0,0,0.686
30,4296.42,4081.5989999999997,1,1,3,632.0,0,0.142
41,5761.93,3135.6,5,0,0,573.0,1,0.859
48,7939.7,2791.77,5,0,1,514.0,0,0.559
39,6883.99,3539.17,3,1,2,504.0,0,0.728
57,5614.69,3854.93,6,0,1,613.0,0,0.156
35,4542.33,4169.2,8,0,1,556.0,0,0.92
51,5344.73,3924.18,2,1,1,629.0,0,0.621
40,5100.61,1507.21,9,0,1,516.0,1,0.42
56,5447.61,3228.13,7,1,3,600.0,0,0.063
64,5665.77,3607.18,2,1,1,632.0,0,0.237
54,5028.12,3502.93,5,0,3,531.0,0,0.869
64,7745.55,1696.43,2,0,2,407.0,0,0.252
18,4829.37,2407.59,4,1,3,543.0,1,0.65
59,5293.69,4168.94,1,1,1,568.0,0,0.983
37,4639.47,4407.4965,7,1,3,604.0,0,0.743
64,5819.13,3053.59,1,1,0,674.0,0,0.872
42,5537.22,2715.63,6,1,0,724.0,0,0.925
23,6336.48,4390.11,4,1,1,587.0,0,0.291
69,3883.48,2474.22,7,1,0,728.0,0,0.862
47,5232.1,3283.28,5,1,3,508.0,0,0.556
37,5650.96,2139.22,3,1,2,643.0,0,0.507
26,6479.09,3156.18,3,1,3,587.0,0,0.493
65,6573.13,4267.23,5,1,3,554.0,0,0.356
66,2466.28,2342.966,4,1,3,426.0,0,0.705
35,4032.84,3460.87,6,0,2,617.0,1,0.616
57,5864.87,4720.74,6,0,2,412.0,1,0.594
20,5936.22,1896.67,4,0,3,671.0,1,0.231
53,6180.29,1035.81,5,0,0,617.0,0,0.037
23,7134.75,1648.73,3,0,0,440.0,0,0.888
61,5433.7,4018.38,9,1,1,768.0,0,0.146
55,6710.98,3208.46,4,1,3,388.0,0,0.04
18,8080.94,500.0,5,1,1,503.0,0,0.834
36,5088.7,3229.8,5,1,3,546.0,0,0.718
55,5583.72,2663.18,6,1,0,492.0,0,0.085
45,1000.0,950.0,9,1,2,696.0,0,0.223
64,6431.67,4051.5,4,0,3,729.0,0,0.676
26,8203.1,3231.07,3,1,2,624.0,0,0.218
64,2618.71,2326.42,5,0,1,472.0,0,0.494
27,4691.19,1980.17,6,1,3,692.0,0,0.633
41,5191.1,2500.85,3,1,1,702.0,1,0.589
43,6261.36,2132.11,5,1,2,607.0,0,0.659
25,6481.02,2377.17,8,1,1,622.0,0,0.203
22,4461.07,3734.45,6,1,2,564.0,1,0.714
30,4267.84,1710.08,4,0,0,755.0,0,0.372
39,3498.7,3323.765,3,0,2,599.0,3,0.802
51,4721.89,2120.57,5,0,2,725.0,3,0.519
42,6127.27,4145.31,1,1,2,400.0,0,0.697
40,7276.83,709.42,7,1,2,722.0,0,0.379
58,3572.71,500.0,10,1,3,633.0,0,0.374
65,5635.97,3643.64,4,1,2,602.0,0,0.977
38,7662.71,3576.55,3,0,2,523.0,1,0.391
20,5248.99,1535.41,4,1,3,656.0,0,0.245
25,3745.49,1879.21,6,0,2,724.0,0,0.388
63,4579.17,4182.62,7,1,3,646.0,0,0.439
67,5213.01,1700.0,7,1,1,576.0,1,0.256
56,7574.93,2889.01,3,1,3,457.0,0,0.002
68,4970.87,3891.8,7,0,2,634.0,0,0.121
56,3981.7,2256.01,2,1,2,799.0,0,0.477
39,7257.3,3915.2,5,1,3,337.0,0,0.99
62,5013.14,1511.66,4,1,2,647.0,0,0.423
28,1000.0,950.0,9,1,3,707.0,0,0.909
40,3988.28,3573.6,6,1,2,585.0,0,0.555
66,3211.49,3050.9154999999996,1,1,3,599.0,0,0.716
33,6439.02,1927.65,5,1,1,645.0,0,0.482
69,3916.23,3502.34,4,1,1,711.0,0,0.816
68,5754.12,1717.47,3,1,0,625.0,2,0.279
45,4013.28,695.39,10,1,3,446.0,1,0.655
52,5546.58,2148.63,5,0,3,609.0,1,0.313
59,5740.55,2028.53,4,1,3,556.0,1,0.469
46,5526.91,2000.9,5,0,2,506.0,2,0.301
55,5132.65,2507.9,7,0,0,692.0,0,0.692
23,5431.58,3624.26,4,0,1,633.0,2,0.136
66,4736.75,2690.15,6,1,0,570.0,1,0.067
31,4648.24,3881.47,2,0,0,556.0,0,0.513
46,5827.2,4725.12,5,1,0,664.0,0,0.777
66,4373.68,3575.05,8,0,0,518.0,0,0.756
45,6264.65,3759.52,6,1,2,544.0,0,0.696
27,4506.47,3987.47,7,1,3,545.0,0,0.157
63,3772.68,1880.53,8,1,3,642.0,0,0.894
64,6246.08,4202.24,5,1,2,528.0,0,0.614
21,6279.58,3976.08,12,0,1,701.0,0,0.13
41,4789.64,3200.98,5,1,0,575.0,0,0.818
19,7615.21,2984.77,5,1,1,787.0,0,0.087
63,7874.31,3352.04,5,1,0,560.0,0,0.593
46,5513.16,2129.74,3,0,1,688.0,0,0.412
42,4937.48,2850.12,5,1,0,562.0,0,0.347
48,5431.28,3821.93,4,1,0,577.0,3,0.398
64,4705.7,2403.68,5,1,2,607.0,0,0.525
68,4745.98,2159.17,4,0,0,665.0,0,0.515
63,2881.03,2736.9785,3,1,0,502.0,1,0.359
32,4447.32,2770.19,7,1,3,357.0,1,0.754
55,7147.03,1878.43,5,1,2,649.0,1,0.306
50,7244.33,3189.69,7,1,3,726.0,0,0.579
67,4474.93,2128.46,5,0,3,579.0,0,0.128
66,2100.16,1995.1519999999998,2,1,3,579.0,0,0.626
25,7317.91,1876.9,8,1,3,600.0,1,0.681
57,6730.69,1663.8,7,1,1,764.0,0,0.836
33,5596.2,3704.82,2,0,3,620.0,0,0.85
55,3488.86,3191.47,8,1,0,514.0,0,0.781
61,4153.25,3265.14,4,1,1,628.0,1,0.257
58,4194.7,3984.9649999999997,7,0,3,396.0,1,0.166
51,3135.74,2967.58,2,0,3,730.0,1,0.418
23,4773.15,3599.4,6,0,1,521.0,0,0.355
56,3788.89,1673.5,6,0,3,554.0,1,0.08
57,5022.92,3032.11,5,0,3,599.0,0,0.199
66,5525.82,2092.55,1,1,3,524.0,0,0.283
40,4489.34,1724.46,5,1,2,502.0,0,0.671
67,4205.66,2057.17,10,1,0,601.0,0,0.967
38,7084.34,3290.65,3,1,1,567.0,1,0.626
52,6847.11,4807.68,4,1,2,621.0,0,0.082
64,5158.71,3442.96,8,1,0,581.0,1,0.983
46,3086.58,2525.64,3,1,3,635.0,1,0.981
52,3731.62,3545.0389999999998,5,1,2,531.0,0,0.229
19,5507.16,3164.46,10,1,1,605.0,0,0.275
50,7375.91,2553.04,5,1,1,569.0,0,0.435
43,3798.66,3608.727,6,0,1,531.0,1,0.631
61,3656.09,3014.67,6,1,2,550.0,0,0.502
49,4850.78,4608.241,3,1,0,461.0,0,0.722
35,3610.42,3429.899,5,0,3,661.0,3,0.724
51,5795.67,2317.65,5,1,1,612.0,1,0.984
47,1434.73,1362.9935,8,0,0,634.0,0,0.93
61,6010.64,2350.14,3,1,0,701.0,1,0.317
40,4585.99,1566.38,6,0,3,617.0,0,0.285
65,5360.26,3451.28,9,1,0,628.0,0,0.858
37,3701.91,2625.69,2,1,0,799.0,0,0.974
63,6258.97,2995.47,4,1,2,624.0,1,0.182
40,6060.76,4018.99,5,0,2,589.0,0,0.625
57,3756.1,3149.08,5,1,1,446.0,1,0.23
25,4808.8,2474.43,9,0,1,573.0,0,0.366
31,6921.42,3091.76,2,1,1,654.0,1,0.812
40,4500.57,3292.96,5,1,2,850.0,0,0.003
63,2543.44,1447.22,4,0,2,535.0,1,0.969
31,2907.63,2701.16,6,1,3,749.0,0,0.105
19,4080.3,3256.15,5,1,3,496.0,0,0.283
21,3804.36,2345.97,4,1,2,489.0,1,0.352
41,6823.99,3263.46,4,1,1,611.0,2,0.426
68,4330.74,3631.95,5,1,2,625.0,0,0.124
53,7921.14,5396.55,3,0,0,724.0,0,0.705
26,7524.39,4677.76,3,0,3,600.0,0,0.215
33,2721.83,1837.64,6,1,1,546.0,2,0.269
49,6740.05,3546.23,6,0,0,516.0,1,0.94
49,4386.45,3938.5,3,0,0,792.0,0,0.925
44,6074.09,3630.75,4,1,1,524.0,3,0.106
32,5614.73,3057.32,7,1,3,654.0,0,0.467
66,4641.01,2164.16,4,0,3,597.0,1,0.592
21,6199.43,2604.49,13,1,0,725.0,0,0.574
53,6617.19,3230.18,7,0,1,705.0,0,0.694
42,5334.44,4284.08,5,1,1,530.0,1,0.306
32,6487.35,3038.42,3,1,3,560.0,1,0.142
29,9786.36,3365.55,10,1,3,545.0,0,0.051
24,5086.17,2158.47,4,1,0,441.0,1,0.608
53,5539.98,3440.54,2,1,1,710.0,1,0.275
41,5240.13,2774.04,8,1,0,751.0,0,0.285
23,5294.16,1878.55,4,1,0,444.0,0,0.678
65,6038.02,3731.62,5,1,3,771.0,2,0.894
58,5681.54,2876.91,5,1,3,586.0,0,0.319
62,3874.75,3681.0125,4,1,0,623.0,2,0.095
48,4440.25,1519.16,5,1,1,524.0,0,0.243
38,5021.51,2571.38,7,1,0,576.0,0,0.715
28,4150.32,3477.04,4,1,0,548.0,0,0.861
33,5739.67,1602.57,5,1,3,850.0,3,0.274
31,4303.4,3266.03,4,1,3,557.0,1,0.356
42,3897.63,1604.0,5,1,2,457.0,0,0.162
31,2706.71,2571.3745,4,1,2,453.0,1,0.732
55,3759.73,3571.7435,6,1,0,654.0,0,0.19
35,4043.36,3340.33,6,0,1,703.0,0,0.171
31,5017.26,3487.58,7,1,1,532.0,0,0.203
41,6584.94,2264.47,7,1,1,540.0,1,0.146
68,7918.3,2946.65,3,0,3,426.0,0,0.736
25,7020.25,3771.42,4,1,2,494.0,0,0.605
62,5412.94,3329.6,2,1,2,588.0,1,0.455
42,8379.86,2037.77,8,0,2,530.0,0,0.754
51,4673.75,3115.79,4,1,1,669.0,1,0.651
62,3849.78,2823.57,4,0,2,662.0,1,0.831
61,4744.32,2135.91,8,1,1,653.0,0,0.032
45,6245.36,2299.42,4,1,2,588.0,0,0.974
41,3484.67,2994.59,3,0,0,466.0,0,0.788
35,6878.47,3554.36,7,1,3,469.0,0,0.863
51,2575.74,2446.9529999999995,7,1,3,652.0,0,0.065
59,5382.0,3264.22,6,1,1,692.0,0,0.815
20,4275.28,4061.5159999999996,3,0,0,627.0,0,0.799
29,5384.99,3017.09,2,1,3,619.0,0,0.14
53,3909.49,2936.48,3,0,1,548.0,0,0.213
22,5769.62,4325.24,6,1,0,546.0,4,0.14
36,3443.63,2469.35,3,1,0,567.0,1,0.196
29,2660.09,2527.0855,7,1,2,611.0,0,0.568
44,2855.45,2712.6775,5,1,3,569.0,0,0.776
34,2764.99,2626.7405,7,0,3,644.0,0,0.864
60,4253.34,2669.46,3,1,0,677.0,0,0.72
45,8071.8,4407.85,6,1,3,580.0,2,0.988
57,6379.66,1663.3,5,0,1,850.0,0,0.451
39,4712.08,2312.95,5,1,0,667.0,0,0.029
27,5279.35,3950.35,5,1,2,551.0,0,0.195
58,6104.61,2865.52,2,1,0,592.0,0,0.559
23,8007.91,4321.8,5,0,0,663.0,0,0.031
34,6366.14,2339.13,4,1,2,510.0,0,0.806
29,5709.14,1937.14,4,0,3,617.0,0,0.814
23,5763.75,3019.73,5,1,2,649.0,0,0.749
60,4659.45,2839.27,1,1,3,531.0,0,0.236
39,7180.63,3567.84,7,0,0,827.0,0,0.108
67,6592.68,928.16,7,1,2,516.0,0,0.331
33,3518.76,2227.36,5,0,0,567.0,0,0.258
21,2054.76,1952.0220000000002,2,1,3,559.0,1,0.832
42,5092.65,1991.52,6,0,0,441.0,0,0.261
50,4351.24,2421.96,4,0,2,505.0,1,0.335
18,3970.06,2545.44,8,1,0,672.0,0,0.851
32,1567.77,1489.3815,7,0,1,594.0,0,0.744
34,5818.82,3385.5,1,1,1,785.0,0,0.553
60,2945.85,2469.11,7,0,2,393.0,0,0.29
36,7415.54,2948.21,5,1,0,549.0,0,0.327
67,3724.33,3538.1135,5,1,0,642.0,1,0.291
36,6246.77,2610.17,9,1,1,569.0,0,0.611
37,3585.6,3406.3199999999997,5,0,2,622.0,0,0.556
18,4793.14,2646.03,6,0,1,585.0,0,0.267
40,4293.6,4078.92,5,0,1,514.0,0,0.999
33,4568.3,635.48,6,0,2,618.0,0,0.069
41,5749.89,3984.22,7,1,0,741.0,0,0.519
37,4921.0,3294.53,6,1,1,629.0,1,0.176
32,6389.6,2321.77,6,1,1,687.0,0,0.062
41,7380.9,3089.47,3,1,2,505.0,1,0.433
54,5013.69,3955.48,4,1,1,627.0,0,0.878
58,5155.19,3053.27,6,0,0,733.0,0,0.401
50,6396.52,2330.51,5,0,3,617.0,0,0.989
49,4937.16,2763.24,6,1,0,677.0,0,0.724
48,3838.42,2843.01,3,0,2,738.0,0,0.089
32,6506.32,3547.26,5,1,1,615.0,0,0.911
18,5863.47,1408.2,6,0,3,374.0,0,0.098
66,4080.03,3609.0,4,1,2,558.0,1,0.992
29,4764.95,2266.83,3,1,3,499.0,1,0.514
52,5779.56,3628.61,5,1,0,488.0,0,0.918
54,7316.39,4142.95,3,1,0,572.0,0,0.098
65,3484.84,2989.94,13,0,1,464.0,1,0.773
47,6176.94,2882.49,5,1,2,572.0,0,0.565
43,2675.04,2541.288,3,1,2,664.0,0,0.049
28,5555.54,2740.05,6,0,0,536.0,1,0.924
49,9857.07,4505.98,7,1,3,748.0,0,0.811
19,5342.3,2148.89,5,1,3,684.0,0,0.316
27,7239.65,2778.5,3,1,3,580.0,2,0.053
63,5760.31,2271.49,3,1,1,665.0,0,0.016
39,1932.18,1835.571,1,0,0,706.0,0,0.708
26,5561.55,3920.81,5,0,0,616.0,1,0.337
47,5746.07,2734.7,3,1,0,505.0,1,0.627
42,4600.2,1830.41,6,1,1,556.0,0,0.663
38,5496.98,3945.25,4,0,0,707.0,1,0.535
35,6427.72,3442.62,8,0,0,640.0,0,0.046
37,4161.77,3858.28,2,1,3,744.0,0,0.732
68,7802.74,2436.08,4,1,2,491.0,0,0.362
57,6664.86,4362.54,6,0,1,719.0,1,0.89
33,4661.38,3802.11,4,1,3,772.0,1,0.385
66,5862.02,2769.09,5,1,2,670.0,0,0.129
56,2311.46,2195.8869999999997,1,1,2,586.0,0,0.62
52,6481.6,2937.63,3,0,1,809.0,0,0.017
46,4724.92,4043.23,4,1,0,575.0,0,0.015
63,6298.54,3334.13,3,1,1,584.0,0,0.454
47,6616.43,1406.99,8,1,2,850.0,0,0.988
69,5011.97,4032.99,6,1,0,768.0,0,0.747
65,2446.41,2324.0894999999996,4,1,0,611.0,0,0.71
20,5987.71,2611.69,6,1,3,559.0,1,0.882
49,5342.47,2035.43,2,1,2,726.0,0,0.921
31,3580.05,3401.0475,3,1,1,633.0,0,0.597
43,6749.98,2252.28,4,1,2,747.0,0,0.806
22,4045.22,3842.959,7,1,0,662.0,0,0.485
45,5987.68,3428.77,6,0,3,620.0,0,0.893
25,7632.4,2156.12,8,1,3,671.0,1,0.311
62,8601.23,1678.25,5,1,2,480.0,1,0.59
65,6685.77,1983.83,5,1,0,624.0,0,0.577
50,4517.83,2937.23,7,1,3,610.0,1,0.635
53,3896.88,1851.04,7,1,1,570.0,0,0.898
30,4592.9,2684.49,6,1,2,583.0,0,0.73
37,3591.54,3411.9629999999997,6,1,1,312.0,0,0.619
35,3494.34,2921.79,4,0,3,722.0,0,0.372
68,5431.27,3841.06,7,1,2,566.0,0,0.226
67,5370.12,3365.23,5,0,0,574.0,0,0.692
37,5297.28,3079.28,5,1,3,609.0,1,0.206
60,4891.25,781.89,5,1,3,363.0,0,0.457
50,6191.42,2395.77,3,1,2,715.0,0,0.542
38,5272.93,4391.93,5,0,2,485.0,1,0.653
63,4960.91,2539.96,7,1,3,580.0,1,0.247
41,4787.76,3251.34,5,1,3,677.0,1,0.444
45,5024.06,2575.41,4,1,3,512.0,0,0.307
22,6800.82,1838.75,3,1,1,598.0,0,0.663
47,2969.32,2820.854,7,1,2,636.0,1,0.597
60,2089.16,1984.7019999999998,10,1,2,536.0,0,0.968
41,7060.81,1505.99,3,1,2,563.0,1,0.388
56,3448.79,1918.78,8,1,3,464.0,0,0.396
31,5644.3,2986.96,3,1,3,534.0,0,0.15
53,4532.76,1881.93,2,1,0,641.0,1,0.114
53,6549.24,3618.3,3,0,1,506.0,0,0.585
43,7668.83,3147.06,5,1,3,643.0,1,0.196
30,3909.0,3713.5499999999997,6,1,2,695.0,0,0.343
57,6910.02,3960.03,4,1,2,647.0,0,0.791
38,2988.3,2838.885,4,1,2,617.0,1,0.779
43,6627.99,3491.78,0,1,0,559.0,0,0.313
51,5024.76,1315.2,5,1,0,601.0,0,0.394
57,6093.46,2438.89,6,1,1,454.0,2,0.851
31,4437.73,2150.38,3,0,3,585.0,0,0.688
38,7160.59,1559.0,5,0,3,622.0,0,0.305
60,6730.22,3727.18,4,1,1,725.0,0,0.178
66,4258.74,1242.98,9,1,2,438.0,0,0.944
64,4306.35,3477.92,4,1,3,727.0,0,0.484
67,5807.97,500.0,2,0,1,738.0,0,0.609
36,4554.11,2823.22,8,1,2,546.0,0,0.015
29,5742.36,1943.48,5,1,0,535.0,0,0.084
53,5796.2,2401.23,3,1,3,655.0,0,0.836
47,5269.44,4050.93,2,1,0,649.0,1,0.162
61,3224.69,2542.5,4,1,0,672.0,0,0.039
50,6122.0,2321.87,4,1,2,570.0,0,0.607
61,5906.74,3204.11,5,1,1,500.0,1,0.9
40,4822.98,1566.79,8,1,1,540.0,0,0.556
58,6302.49,3685.49,6,1,1,730.0,0,0.235
30,1979.06,1880.107,3,1,3,646.0,0,0.694
45,6346.96,4394.19,5,0,1,714.0,0,0.554
45,3141.07,2984.0165,4,1,3,491.0,1,0.84
36,4253.32,3284.99,3,0,0,580.0,0,0.074
54,4162.25,2790.07,7,1,2,391.0,1,0.047
48,4470.61,3178.4,3,1,2,528.0,0,0.025
67,7852.59,2449.67,9,1,0,701.0,0,0.767
59,4636.88,4405.036,6,0,2,629.0,0,0.535
56,5595.19,3451.53,3,0,3,541.0,0,0.46
34,3584.41,1969.49,5,0,1,676.0,0,0.783
45,5129.66,3847.4,7,1,1,488.0,0,0.043
21,3530.38,2844.16,5,1,0,671.0,0,0.925
23,6431.09,3122.77,11,0,0,795.0,1,0.639
36,6886.92,2790.45,5,0,0,468.0,1,0.496
40,6563.07,3520.77,1,0,1,464.0,1,0.201
57,6306.26,3232.9,4,0,1,457.0,1,0.386
62,7076.82,4517.86,4,1,1,587.0,0,0.844
59,6007.87,3824.16,6,1,3,694.0,2,0.646
23,5041.66,1202.95,7,0,2,659.0,1,0.551
41,2382.24,2263.1279999999997,7,0,0,640.0,0,0.479
39,3498.67,3323.7365,2,0,2,613.0,1,0.355
38,8265.78,4167.19,6,0,1,498.0,0,0.862
31,5620.48,1360.3,2,0,1,613.0,1,0.236
41,3138.41,2981.4894999999997,5,1,0,657.0,1,0.018
42,5401.62,3310.03,5,0,0,587.0,0,0.246
34,6059.93,4316.1,4,1,1,653.0,0,0.451
68,7129.54,2178.54,2,1,0,619.0,0,0.538
63,4790.31,3913.64,3,0,3,652.0,0,0.651
52,7245.75,2936.41,5,0,0,609.0,1,0.933
34,4397.93,2448.97,2,0,1,546.0,1,0.304
45,5107.53,4463.95,1,1,0,757.0,1,0.511
19,2461.87,1325.99,5,1,1,491.0,1,0.197
51,3388.9,905.9,5,1,2,556.0,0,0.363
18,2914.86,2769.117,4,1,1,401.0,0,0.53
64,3599.59,2392.87,7,1,2,721.0,0,0.319
20,4792.42,2206.01,4,1,3,501.0,0,0.774
39,3262.37,3099.2515,7,1,1,604.0,0,0.812
59,4901.48,3122.32,4,1,2,765.0,1,0.328
21,6539.41,3329.2,4,0,1,576.0,0,0.449
32,4589.36,3660.28,7,1,3,583.0,0,0.025
53,6647.16,3686.58,3,1,0,581.0,0,0.575
56,6255.76,2867.39,3,1,0,411.0,0,0.016
29,5770.78,2422.88,5,0,0,523.0,1,0.682
54,5278.49,3145.84,2,1,1,532.0,1,0.961
65,7098.5,3305.16,5,1,0,692.0,0,0.941
58,3964.95,3766.7025,9,1,3,376.0,0,0.338
24,6347.8,2719.45,4,1,2,546.0,1,0.683
48,3262.42,3099.299,5,1,2,489.0,0,0.998
22,3634.58,3003.84,5,0,3,659.0,3,0.344
44,7111.77,3570.37,6,1,2,682.0,0,0.354
42,1842.41,1750.2895,8,0,1,429.0,0,0.323
34,3492.2,2123.29,6,0,0,577.0,0,0.237
45,5596.76,3368.59,6,1,3,507.0,0,0.174
44,5412.47,3428.84,2,0,1,671.0,0,0.187
43,4513.4,4287.73,3,1,3,676.0,0,0.452
66,3113.0,2207.86,3,1,2,591.0,1,0.671
46,5204.52,2433.99,6,1,3,574.0,0,0.939
44,5296.97,4009.42,2,1,3,742.0,0,0.332
34,5208.21,4479.16,5,1,2,488.0,0,0.086
55,4356.7,2358.05,7,1,0,484.0,0,0.615
33,5007.92,4757.523999999999,6,0,1,747.0,0,0.051
26,4666.4,2786.27,6,0,3,721.0,1,0.764
49,5114.08,3315.22,5,0,3,741.0,0,0.587
18,7712.13,3205.68,1,1,3,563.0,2,0.645
26,6555.97,1831.69,2,0,2,687.0,0,0.831
67,5391.28,2792.46,3,0,0,450.0,0,0.677
24,5427.02,2366.11,1,1,1,511.0,1,0.827
61,2618.02,1690.49,2,0,1,595.0,0,0.651
54,5687.79,3048.78,5,1,0,846.0,1,0.498
57,6323.37,3501.62,6,1,2,534.0,1,0.955
68,4509.13,1971.05,8,1,3,525.0,1,0.18
62,4800.93,1682.65,8,0,3,798.0,0,0.318
23,4403.16,3685.34,4,1,2,677.0,1,0.746
54,4368.93,4097.48,3,0,3,702.0,1,0.202
56,2562.89,2434.7454999999995,4,1,1,582.0,1,0.988
21,4320.22,2575.28,3,1,1,658.0,0,0.994
66,3381.49,3212.4154999999996,4,1,2,488.0,1,0.022
54,5145.71,2325.36,6,1,0,450.0,0,0.195
27,3213.27,3052.6065,4,1,0,641.0,0,0.696
27,2808.83,2668.3885,10,1,2,540.0,0,0.308
66,5649.09,2682.77,9,1,3,644.0,1,0.517
52,5440.9,3326.35,6,1,1,629.0,0,0.597
25,3577.93,3399.0334999999995,3,0,1,458.0,1,0.764
40,6921.88,2141.33,3,1,2,564.0,0,0.283
66,4371.23,3122.77,9,1,2,710.0,0,0.469
69,5198.97,3458.76,4,1,0,672.0,1,0.153
24,2731.07,1355.98,4,1,1,584.0,0,0.304
19,4352.23,3104.45,5,0,2,538.0,1,0.52
55,5432.27,3413.01,1,1,2,630.0,0,0.046
37,7144.92,3188.62,7,0,0,843.0,0,0.672
48,4019.73,3714.74,4,0,1,466.0,0,0.133
47,3190.08,3030.5759999999996,6,0,1,610.0,0,0.6
65,8489.25,3222.64,4,1,2,598.0,0,0.583
42,7008.66,3110.52,6,1,0,637.0,0,0.82
27,6610.02,3855.57,1,1,1,746.0,0,0.037
34,6004.9,2601.88,6,0,0,515.0,1,0.103
26,5059.35,2088.75,2,1,2,428.0,1,0.636
60,6329.91,1708.88,2,1,2,527.0,0,0.485
49,6235.54,3723.23,4,1,2,589.0,0,0.642
41,3504.48,3329.256,5,1,2,776.0,0,0.221
33,4968.74,4090.88,8,0,0,708.0,0,0.555
63,2498.34,2373.4230000000002,6,1,3,586.0,0,0.283
29,8310.33,3235.92,5,0,1,696.0,0,0.167
52,6400.19,3562.96,9,0,0,752.0,1,0.952
60,4419.84,2183.91,1,0,0,552.0,0,0.316
64,7506.5,2673.49,2,0,1,549.0,0,0.559
63,4548.95,2254.14,5,1,0,572.0,1,0.873
34,7167.13,4477.32,4,1,3,598.0,0,0.292
46,2848.71,2706.2745,5,1,3,624.0,0,0.289
53,3473.84,2133.57,2,1,0,682.0,1,0.206
52,5355.35,2080.3,6,1,2,514.0,0,0.649
21,4313.25,2834.79,1,1,1,526.0,0,0.809
24,3902.17,2416.23,7,1,0,461.0,0,0.367
36,3947.05,3568.37,8,1,2,509.0,0,0.662
64,6427.43,2861.52,3,1,0,515.0,1,0.254
45,5867.7,1786.99,7,1,1,587.0,0,0.212
58,4867.93,2392.63,3,1,1,517.0,0,0.8
39,3097.2,2942.3399999999997,5,0,2,581.0,0,0.17
38,7276.77,3754.37,8,0,1,772.0,0,0.491
22,5961.25,4165.41,3,0,3,748.0,0,0.294
62,4345.02,2758.95,3,1,1,467.0,0,0.71
66,4470.35,1919.33,2,1,0,682.0,0,0.004
49,5950.36,974.03,2,1,2,542.0,0,0.201
18,4905.5,3386.84,4,1,1,507.0,0,0.807
37,1964.3,1866.0849999999998,3,0,3,670.0,1,0.384
45,4066.65,2689.16,9,1,2,597.0,0,0.549
61,4978.32,3122.02,5,0,2,632.0,0,0.086
65,4502.62,3360.33,8,1,3,718.0,0,0.365
54,6889.42,1885.49,7,1,3,473.0,0,0.376
29,3166.22,2940.65,9,1,1,506.0,0,0.154
35,5523.19,2258.42,5,0,3,457.0,1,0.83
62,7988.17,2246.9,5,0,2,716.0,0,0.779
68,5784.83,5152.2,5,0,1,616.0,0,0.209
67,5560.17,2545.91,9,1,3,532.0,1,0.589
22,3824.98,3423.9,7,1,2,566.0,0,0.25
48,7263.62,1505.08,2,0,1,567.0,1,0.451
19,3110.93,2475.86,7,1,3,564.0,0,0.755
62,4234.16,3523.21,3,0,0,548.0,0,0.866
26,6629.18,3178.36,8,1,3,516.0,1,0.366
19,4947.94,4700.543,4,1,3,653.0,0,0.113
35,2510.0,2384.5,6,1,3,669.0,3,0.547
52,3551.5,529.11,6,1,1,697.0,1,0.425
61,1787.92,1698.524,4,0,0,643.0,0,0.67
42,6965.94,4416.01,6,1,3,407.0,1,0.067
33,4142.74,2786.04,8,1,0,440.0,0,0.386
58,5158.07,4031.74,0,1,1,472.0,0,0.993
61,6365.29,3173.42,13,1,0,637.0,0,0.352
63,5255.36,3383.6,9,0,2,568.0,0,0.487
37,2319.02,2203.069,6,0,0,364.0,0,0.605
21,3180.51,1906.53,3,0,2,600.0,0,0.534
49,5269.94,3628.93,5,1,0,559.0,0,0.213
69,5209.19,4161.34,6,1,2,638.0,0,0.01
37,5842.76,4621.42,3,1,0,462.0,0,0.698
56,7944.33,3164.41,2,1,2,484.0,0,0.004
32,4182.67,3046.42,6,1,3,561.0,1,0.647
35,5671.93,4371.14,1,1,0,593.0,0,0.818
24,5176.73,3512.75,4,0,0,758.0,1,0.164
20,5866.45,4510.45,3,1,0,577.0,0,0.568
25,6016.14,2458.87,5,0,1,401.0,0,0.658
46,6740.71,1664.25,11,1,2,422.0,0,0.899
25,4585.9,3108.21,2,1,1,483.0,1,0.676
18,4841.78,3057.68,8,0,2,731.0,0,0.644
60,6171.54,2849.06,10,1,2,475.0,0,0.877
38,4890.93,4411.66,4,0,1,603.0,0,0.107
56,5727.59,2672.15,5,1,1,671.0,1,0.918
62,4255.18,1480.76,2,0,2,691.0,2,0.044
19,2310.16,2194.6519999999996,2,0,2,618.0,2,0.361
51,6488.27,2467.13,7,1,0,657.0,1,0.388
38,7514.44,3260.72,9,1,1,601.0,0,0.09
65,5866.13,2808.89,8,1,3,701.0,0,0.223
50,3202.47,2479.32,4,1,3,717.0,1,0.999
56,4938.35,1679.8,5,0,1,501.0,1,0.387
57,5321.93,1732.54,5,1,0,641.0,0,0.259
24,7327.45,2327.66,3,0,3,591.0,0,0.031
32,6121.79,2402.57,3,0,0,541.0,2,0.313
26,5944.69,3271.35,3,1,2,738.0,1,0.079
47,6796.6,2871.11,5,1,3,366.0,1,0.782
61,5677.71,3581.35,11,1,1,552.0,0,0.517
68,6147.46,1375.09,4,1,1,607.0,0,0.513
34,5083.91,1387.57,2,1,3,585.0,0,0.971
55,4229.57,3040.45,8,0,0,681.0,1,0.036
58,6435.08,4158.74,3,1,2,577.0,0,0.028
56,6481.72,1728.99,6,1,3,840.0,0,0.099
65,2876.13,2732.3235,5,1,3,586.0,0,0.66
38,4708.68,721.98,3,1,1,551.0,0,0.281
20,4324.7,2104.06,2,0,0,493.0,0,0.635
54,7098.98,3186.01,1,1,0,537.0,0,0.752
34,7228.29,2534.25,4,0,1,719.0,0,0.132
34,5480.55,2842.42,8,1,2,498.0,0,0.744
28,8740.52,2839.05,7,1,0,636.0,0,0.509
27,3281.09,2599.61,8,1,1,667.0,1,0.636
18,5743.4,3519.8,6,1,3,558.0,0,0.579
27,5297.04,3198.09,6,1,3,693.0,0,0.525
42,3766.15,1429.61,5,1,3,717.0,0,0.342
33,2750.59,2613.0605,6,1,1,797.0,0,0.229
55,5659.55,2429.58,4,0,2,648.0,0,0.348
49,3205.38,3045.111,4,1,2,653.0,2,0.575
69,5833.52,4841.56,8,1,2,650.0,0,0.089
42,4321.64,3559.41,2,0,0,850.0,0,0.564
30,5419.88,4168.79,3,1,0,565.0,0,0.475
60,3965.19,2380.59,8,0,1,546.0,0,0.739
33,4679.19,4445.2305,5,1,3,559.0,1,0.631
67,3490.91,3316.3644999999997,9,1,2,509.0,0,0.684
58,4894.77,4631.13,4,1,2,350.0,0,0.032
37,8135.68,2907.95,5,1,0,705.0,0,0.893
45,3999.14,2658.55,2,1,2,596.0,0,0.339
25,4146.65,3364.87,5,1,0,639.0,0,0.191
48,8501.04,2924.4,7,1,1,492.0,1,0.101
45,4359.81,2048.97,8,1,3,651.0,1,0.67
46,7521.32,1895.1,7,0,2,641.0,0,0.876
59,6078.29,2453.64,4,1,2,506.0,1,0.6
51,4557.78,3042.48,4,1,0,598.0,1,0.009
54,4269.63,3049.52,8,1,1,591.0,0,0.728
59,4956.57,3632.93,5,0,1,779.0,0,0.466
37,3834.62,3616.72,2,0,1,618.0,0,0.154
22,5048.75,3928.64,1,1,1,664.0,1,0.079
44,4625.11,3136.59,3,1,0,680.0,0,0.566
54,5899.02,2067.16,4,1,3,616.0,0,0.337
54,4091.67,1263.09,4,1,3,658.0,0,0.473
48,3519.07,3255.91,3,0,0,391.0,0,0.918
50,4789.88,3552.92,10,1,1,652.0,1,0.08
65,5699.64,2766.8,5,1,2,615.0,0,0.248
49,4500.24,2600.07,4,1,3,603.0,1,0.292
34,3618.89,3437.9455,5,1,1,804.0,1,0.021
60,5177.61,2606.0,7,1,2,563.0,1,0.776
40,4530.17,2853.03,5,1,2,572.0,0,0.693
65,3058.66,1264.8,4,0,2,610.0,1,0.341
62,3683.15,3498.9925,4,0,2,561.0,1,0.864
58,4048.65,3846.2174999999997,5,1,1,557.0,1,0.835
54,3672.8,3489.16,6,1,3,617.0,1,0.96
34,5049.15,2510.78,3,1,0,850.0,0,0.085
65,2241.79,500.0,4,0,3,770.0,0,0.722
35,6559.09,3736.77,8,1,3,751.0,0,0.098
31,6674.92,1759.52,3,1,0,602.0,1,0.262
33,7940.26,4503.92,7,1,2,717.0,0,0.697
41,2186.63,2077.2985,2,1,0,586.0,0,0.659
56,6205.08,3193.42,6,1,2,722.0,1,0.558
20,6469.77,3888.87,9,1,0,352.0,0,0.109
30,5129.05,1894.85,3,0,3,836.0,0,0.467
56,4831.54,3263.01,4,1,3,677.0,1,0.476
38,6450.29,3034.23,5,1,0,547.0,1,0.699
36,5830.13,1818.62,8,0,2,499.0,1,0.96
33,5151.92,2035.11,3,0,0,545.0,1,0.042
45,4062.38,3859.261,2,1,0,574.0,1,0.697
22,6467.02,4368.35,7,1,2,576.0,0,0.186
25,4704.95,3619.02,1,0,2,714.0,0,0.437
32,2490.45,2100.29,6,1,2,548.0,0,0.71
26,7588.98,2520.7,9,0,2,456.0,0,0.903
35,5667.66,2436.72,2,1,2,543.0,1,0.517
37,5871.97,3562.78,3,1,2,545.0,1,0.417
53,6565.19,2319.86,5,1,2,542.0,0,0.078
62,2882.06,2737.957,5,1,2,559.0,1,0.117
61,4911.63,3952.53,11,0,2,346.0,0,0.163
43,5816.44,3468.52,11,0,3,560.0,1,0.5
19,6040.09,2235.77,5,0,3,580.0,1,0.386
55,3257.23,2901.15,2,0,1,607.0,1,0.28
23,4267.64,3394.06,4,1,2,513.0,0,0.224
20,5618.67,5337.7365,2,1,3,752.0,0,0.179
38,6293.43,3196.45,5,1,0,538.0,1,0.555
40,6104.17,3059.43,7,0,2,605.0,0,0.372
43,4239.46,4027.4869999999996,7,1,2,508.0,1,0.927
66,4674.44,4440.718,4,1,1,589.0,0,0.942
39,4329.01,4112.5595,3,1,3,488.0,0,0.718
37,6283.54,902.91,4,0,2,558.0,1,0.966
62,5059.15,3258.02,5,0,2,733.0,0,0.042
47,2401.15,2281.0925,6,1,3,442.0,1,0.199
49,3728.83,2591.13,4,0,1,741.0,1,0.39
65,6724.96,1653.79,4,1,0,620.0,0,0.265
19,8037.85,2700.57,3,1,1,612.0,1,0.572
65,4142.54,3935.4129999999996,6,1,1,564.0,0,0.45
57,6445.64,3209.31,6,1,2,673.0,0,0.546
56,4646.64,2345.79,1,0,3,636.0,1,0.182
55,5897.8,1914.48,8,1,1,637.0,0,0.205
47,6360.41,3834.48,11,0,0,786.0,0,0.157
49,1579.69,1500.7055,4,1,3,554.0,1,0.347
44,4036.72,3834.8839999999996,5,1,3,643.0,0,0.545
29,4612.78,2952.16,6,0,2,607.0,1,0.658
63,4310.92,1811.82,6,1,2,606.0,1,0.318
40,5362.97,3649.51,7,1,1,601.0,1,0.91
32,6278.68,3776.43,10,1,2,601.0,0,0.38
52,4650.51,2537.98,5,1,3,646.0,0,0.201
58,5432.56,2653.65,4,1,1,622.0,0,0.491
67,3875.53,3681.7535,2,1,3,590.0,0,0.062
60,2623.91,2492.7144999999996,4,1,1,493.0,0,0.153
20,4924.6,3299.21,7,1,1,369.0,1,0.77
32,6289.56,1722.62,5,1,0,447.0,0,0.444
22,7276.98,4024.65,2,1,0,698.0,1,0.007
45,5109.1,2811.59,5,1,0,602.0,1,0.02
57,4692.12,3141.63,5,1,1,503.0,1,0.806
27,3659.12,2383.97,6,0,2,624.0,0,0.494
63,3440.46,2643.17,5,1,3,664.0,0,0.808
39,3280.54,2965.59,4,0,1,546.0,0,0.768
20,5351.51,2763.18,3,1,0,521.0,0,0.91
67,3303.18,2261.46,5,1,3,451.0,0,0.932
56,4793.05,1663.49,1,1,2,695.0,0,0.323
55,5722.8,2513.19,3,1,2,667.0,0,0.216
53,3831.69,1684.33,2,1,0,522.0,0,0.978
61,5965.26,697.8,4,0,0,638.0,0,0.251
19,7855.38,1450.59,2,1,1,599.0,0,0.5
42,6384.8,4857.73,5,0,2,551.0,0,0.119
55,6091.38,2361.2,7,0,2,556.0,0,0.005
47,6723.4,500.0,4,1,1,696.0,1,0.087
23,4073.27,2338.3,5,0,2,590.0,0,0.931
32,2511.32,1108.86,4,1,0,713.0,0,0.975
38,6530.73,4276.0,1,1,2,623.0,0,0.021
37,2449.5,2327.025,6,0,1,543.0,0,0.593
30,4837.51,2107.14,5,1,0,637.0,1,0.447
28,4476.25,1639.34,2,1,0,503.0,1,0.36
21,2747.42,2610.049,6,1,0,521.0,0,0.829
51,5774.09,3393.9,3,1,3,633.0,0,0.145
31,5127.01,500.0,3,0,3,523.0,0,0.676
55,5821.93,2686.86,9,0,0,740.0,1,0.527
29,5987.79,2176.11,4,1,2,456.0,1,0.372
31,2111.39,2005.8204999999998,6,1,3,566.0,0,0.903
31,5744.11,4188.94,3,0,1,404.0,0,0.427
42,4683.24,2912.81,4,1,1,588.0,0,0.889
36,3534.15,3357.4425,4,1,0,660.0,0,0.855
35,5541.36,2905.33,8,0,3,499.0,1,0.899
66,2412.53,1703.07,3,0,3,395.0,0,0.625
29,5447.38,4640.61,3,1,3,392.0,0,0.074
20,2424.65,2303.4175,5,1,3,668.0,1,0.01
54,3460.81,3287.7695,4,1,3,622.0,0,0.369
26,4726.67,1901.86,2,1,1,592.0,0,0.583
46,3425.77,3134.6,2,1,1,516.0,0,0.565
45,6520.6,2075.46,5,0,0,799.0,0,0.339
39,3775.99,1470.64,6,1,3,550.0,0,0.001
18,5432.52,5133.57,6,1,1,645.0,1,0.458
29,4854.75,3053.45,6,0,3,641.0,0,0.486
21,5051.5,4798.925,7,1,2,510.0,1,0.42
41,5575.66,2483.88,0,1,1,686.0,1,0.236
20,6485.45,3756.77,4,1,2,407.0,0,0.694
23,7274.57,4119.39,1,1,2,744.0,0,0.256
18,5695.39,3348.64,4,0,1,669.0,0,0.931
34,5283.96,3733.89,3,1,2,462.0,2,0.869
20,5137.68,3813.61,4,1,2,738.0,0,0.057
68,1389.54,1320.0629999999999,8,0,2,352.0,0,0.985
20,4534.43,4107.75,10,1,2,523.0,0,0.44
26,3996.6,3213.09,8,0,2,373.0,1,0.964
35,3532.17,3355.5615,7,1,2,593.0,0,0.605
50,7025.0,4073.3,7,1,0,469.0,0,0.389
60,3247.71,652.4,5,0,1,675.0,0,0.185
43,6201.32,1565.2,5,1,3,658.0,0,0.069
39,4636.68,4198.85,5,1,1,610.0,1,0.258
18,4606.77,2060.66,5,1,3,545.0,1,0.088
36,5879.5,3575.53,3,1,0,412.0,0,0.351
23,3970.65,3387.77,4,1,1,618.0,1,0.268
43,3310.1,2540.77,4,1,1,583.0,1,0.887
38,6972.68,2715.5,4,0,0,620.0,0,0.592
22,6806.72,3967.66,6,1,2,714.0,0,0.505
35,5450.51,1017.97,2,1,1,596.0,1,0.591
62,6505.69,2414.89,4,1,2,563.0,0,0.902
32,4890.14,2025.28,7,1,0,530.0,0,0.215
37,5621.48,4849.89,9,0,2,592.0,1,0.636
65,4772.89,1862.97,2,1,3,543.0,0,0.889
45,3961.21,3495.96,8,1,1,608.0,0,0.392
54,4034.7,3125.55,4,1,2,525.0,1,0.22
68,4895.64,3484.1,5,1,1,717.0,2,0.42
26,6331.1,2844.96,7,0,2,510.0,0,0.58
43,3984.66,2444.23,3,1,3,746.0,1,0.944
37,5665.64,2681.04,6,1,2,413.0,1,0.342
60,6313.27,2427.33,4,1,1,473.0,1,0.234
24,3480.58,2654.27,3,0,2,750.0,0,0.134
68,3097.66,2942.7769999999996,6,1,1,536.0,0,0.075
26,5552.4,5203.64,1,1,3,651.0,1,0.467
50,5595.01,3089.77,6,1,2,502.0,0,0.975
39,4491.11,1877.61,7,0,3,765.0,0,0.77
18,4630.23,1196.67,6,1,2,733.0,0,0.058
25,6737.14,894.61,3,1,1,571.0,0,0.331
67,4982.21,3750.76,13,1,0,552.0,0,0.076
51,4624.07,3441.54,11,1,2,680.0,0,0.566
65,3641.95,3459.8524999999995,6,0,0,548.0,1,0.107
56,6844.99,3033.54,6,1,3,587.0,0,0.019
42,4865.76,4589.51,4,1,1,790.0,0,0.012
50,6233.79,2204.36,4,1,3,642.0,0,0.203
26,5985.74,3006.59,2,0,3,665.0,0,0.677
61,2914.29,2768.5755,7,0,1,655.0,1,0.359
61,6723.69,3016.29,2,1,1,647.0,0,0.331
66,5238.46,2862.01,4,1,1,636.0,0,0.077
34,6108.62,2574.95,4,1,0,626.0,0,0.66
28,7149.59,1033.17,5,1,0,377.0,0,0.522
36,3859.96,1584.01,1,1,3,732.0,1,0.045
39,1558.51,1480.5845,8,0,1,757.0,1,0.159
26,3472.06,1528.98,8,0,0,514.0,0,0.469
27,4730.95,3547.39,5,1,2,550.0,1,0.671
42,5608.25,2708.32,6,1,3,515.0,0,0.528
38,3615.16,1973.13,7,1,0,507.0,0,0.946
28,3437.57,3265.6915,8,1,2,623.0,0,0.349
37,2721.74,2585.653,6,1,0,727.0,1,0.928
29,8181.09,3409.41,7,1,1,615.0,0,0.696
56,1170.23,618.52,2,0,2,549.0,0,0.944
67,5885.62,5591.339,8,0,2,601.0,0,0.606
32,3339.53,1316.62,3,1,3,587.0,0,0.888
23,5092.13,3387.47,7,0,1,494.0,1,0.631
34,6339.31,2284.91,4,1,3,491.0,1,0.602
22,4853.29,2595.22,3,1,1,599.0,0,0.448
32,5007.24,4756.878,3,1,0,481.0,0,0.581
49,6071.74,4482.89,5,0,2,524.0,0,0.329
65,4891.74,4647.152999999999,5,1,2,531.0,1,0.631
68,6242.14,1469.37,8,0,2,560.0,0,0.443
20,4131.09,2795.76,5,0,0,621.0,1,0.231
20,3203.38,2789.77,4,0,3,590.0,1,0.928
32,4010.21,2005.92,7,1,2,676.0,0,0.107
65,7332.35,2574.2,2,1,2,687.0,1,0.461
49,4989.54,3791.92,5,1,1,727.0,0,0.481
25,4682.16,1633.28,6,1,2,609.0,1,0.633
23,6301.13,3975.59,2,1,2,842.0,0,0.175
22,3655.76,2100.78,3,0,3,485.0,1,0.771
64,4170.9,2042.03,6,1,0,740.0,0,0.834
33,4494.85,1901.76,5,1,0,567.0,2,0.187
63,4652.18,3012.57,4,1,2,674.0,0,0.668
34,5182.44,3735.83,2,1,2,594.0,0,0.952
56,5156.74,1467.09,1,1,1,629.0,0,0.107
22,5866.34,2682.85,7,0,1,554.0,1,0.226
41,6495.04,1924.79,5,1,3,545.0,0,0.256
44,3336.28,3029.04,3,1,3,394.0,0,0.662
42,5067.31,3681.85,8,1,1,740.0,0,0.302
38,5887.93,2801.72,3,1,3,526.0,1,0.081
63,3393.23,2692.39,4,1,0,425.0,1,0.111
25,7310.51,2050.96,7,1,2,490.0,1,0.129
63,7409.62,3873.86,8,1,1,479.0,0,0.042
51,3164.09,2695.9,10,1,0,557.0,0,0.277
32,6770.12,739.9,5,0,3,442.0,0,0.115
52,3209.71,3049.2245,3,0,2,586.0,1,0.284
43,4914.98,3076.1,3,0,1,545.0,1,0.943
53,4075.98,3151.24,8,1,0,770.0,0,0.723
51,3582.88,3201.09,6,1,2,524.0,0,0.55
52,6405.18,3546.19,5,0,3,601.0,1,0.826
32,4142.72,2637.8,3,1,2,570.0,1,0.089
20,4895.95,2961.97,8,1,0,682.0,0,0.221
58,4180.37,2883.49,7,1,0,521.0,0,0.999
26,7695.69,2660.71,2,1,1,559.0,0,0.753
53,5383.95,3892.02,4,0,2,675.0,0,0.638
69,5094.46,4183.08,1,1,1,555.0,1,0.191
60,4767.57,4448.89,3,1,3,672.0,0,0.222
43,5017.39,2082.55,8,0,3,601.0,1,0.698
27,7308.3,3245.66,2,1,1,773.0,0,0.234
47,8145.44,1821.33,3,1,3,725.0,1,0.45
59,4707.16,2736.3,3,1,3,554.0,0,0.568
53,5357.08,2146.78,7,1,1,654.0,0,0.853
34,5324.79,2966.38,5,1,0,607.0,1,0.131
42,6089.37,1365.77,3,1,0,652.0,1,0.713
28,6532.35,3818.27,8,1,3,648.0,3,0.584
64,6591.47,3360.53,3,1,1,614.0,1,0.297
48,7620.94,3074.32,3,1,2,665.0,0,0.691
29,6401.45,2912.64,3,0,2,518.0,1,0.817
42,6964.24,4619.62,5,0,0,412.0,0,0.767
43,5524.73,3862.79,5,1,1,542.0,1,0.288
56,7006.1,672.27,4,1,3,661.0,0,0.366
30,4066.28,3412.44,2,0,2,611.0,0,0.079
47,5513.82,4538.6,12,1,0,685.0,1,0.901
20,4157.87,3255.09,5,0,2,574.0,1,0.677
48,7011.99,3605.95,3,1,2,654.0,0,0.641
38,5827.63,2531.53,4,1,3,528.0,0,0.189
63,7001.23,5568.25,6,0,1,511.0,0,0.449
52,4495.32,3821.74,6,0,1,596.0,0,0.883
46,6502.51,2631.96,2,1,0,476.0,0,0.337
30,5444.5,4062.26,10,1,3,789.0,0,0.547
47,7011.58,1996.02,5,0,2,546.0,0,0.716
23,4304.0,2332.54,4,1,2,732.0,1,0.947
28,4589.2,2191.04,4,1,2,465.0,0,0.943
28,4263.35,1922.5,1,1,0,601.0,1,0.412
21,7201.58,1358.36,1,0,0,698.0,0,0.139
67,3698.46,3513.537,2,1,1,605.0,1,0.789
39,3445.07,2374.66,11,0,0,651.0,0,0.63
51,5999.43,4391.9,9,1,3,562.0,0,0.418
47,2907.43,2762.0584999999996,8,0,3,676.0,0,0.564
22,4271.13,3046.63,6,1,2,489.0,1,0.682
48,4947.6,3777.18,8,1,3,591.0,0,0.224
45,3521.56,2890.32,8,1,1,564.0,1,0.767
48,6164.73,4341.13,7,1,3,588.0,1,0.216
40,6356.25,4130.05,5,0,0,645.0,2,0.484
20,6747.56,3380.48,7,1,1,558.0,0,0.583
52,3658.6,3317.03,3,1,0,728.0,0,0.838
38,5193.75,3730.62,3,1,1,514.0,1,0.023
38,6118.96,3732.92,6,1,0,538.0,1,0.524
27,6527.7,2574.83,3,0,3,710.0,0,0.377
29,5928.75,2567.4,3,0,3,802.0,0,0.977
44,4871.03,4627.478499999999,6,1,3,654.0,0,0.368
54,6626.69,1493.16,8,0,2,756.0,0,0.441
29,8244.52,2255.01,6,1,0,595.0,0,0.186
40,6763.03,2711.72,6,1,2,634.0,0,0.336
39,5443.01,3001.19,7,1,3,806.0,0,0.818
40,3656.79,3335.03,5,1,2,589.0,1,0.886
40,5098.04,2837.27,5,1,0,555.0,0,0.424
32,4998.92,4748.974,5,0,2,628.0,0,0.675
43,5920.44,3000.17,4,0,0,582.0,0,0.704
45,5620.53,4092.34,2,0,3,453.0,0,0.083
30,4456.85,1879.46,4,1,0,641.0,1,0.975
52,3123.6,2967.4199999999996,8,1,0,615.0,0,0.452
54,3547.43,2702.89,6,1,3,586.0,0,0.339
61,5735.05,3336.93,4,1,0,713.0,0,0.551
55,3645.85,3463.5575,4,1,0,696.0,2,0.867
21,4112.11,2849.04,5,1,1,620.0,1,0.237
31,4614.97,3642.44,9,0,2,521.0,0,0.68
64,5235.7,2471.49,6,1,3,825.0,1,0.535
54,3026.19,2874.8804999999998,7,1,2,693.0,0,0.113
25,4360.58,2626.38,3,0,0,586.0,1,0.095
51,2652.12,2519.5139999999997,7,0,2,524.0,1,0.568
19,6305.59,3919.24,4,1,1,649.0,1,0.083
25,3029.15,2877.6925,4,1,0,578.0,0,0.548
42,5436.52,3725.56,4,0,2,617.0,0,0.027
44,6202.3,2335.32,4,1,3,716.0,0,0.843
28,2963.0,2608.07,6,0,1,592.0,2,0.304
34,4823.32,1082.38,11,0,0,616.0,1,0.8
47,5804.7,2999.86,6,0,2,636.0,1,0.488
68,4741.83,3276.6,4,1,2,476.0,0,0.959
55,5825.34,2815.55,6,1,1,614.0,0,0.505
27,4407.35,2755.74,5,1,0,741.0,0,0.032
51,5875.13,4681.17,7,1,1,746.0,1,0.72
32,6055.88,1280.92,3,1,0,644.0,0,0.89
39,4020.13,1649.58,7,0,2,576.0,1,0.171
42,4894.34,3549.67,6,0,3,705.0,2,0.682
31,3817.12,1202.36,5,1,1,454.0,1,0.809
42,7108.95,3517.87,6,0,2,624.0,0,0.537
62,6777.03,2374.62,0,1,1,756.0,0,0.347
34,3939.4,2742.09,7,0,2,763.0,0,0.756
60,4424.43,2507.39,9,1,3,461.0,1,0.248
19,5989.83,2792.84,9,1,1,841.0,0,0.289
46,4007.77,3807.3815,8,1,0,566.0,1,0.454
38,3306.45,3049.43,3,0,3,649.0,0,0.442
65,2050.19,1947.6805,9,0,2,564.0,1,0.543
19,6146.92,2749.6,9,0,0,497.0,0,0.668
69,8049.13,3287.16,6,1,2,595.0,1,0.761
49,4343.04,4125.888,4,1,0,459.0,0,0.596
25,6130.77,2877.87,8,1,3,455.0,0,0.86
53,3584.09,3404.8855,9,1,2,331.0,1,0.978
44,5298.66,1436.46,7,0,0,575.0,0,0.234
44,6184.55,3596.37,3,0,2,569.0,0,0.65
59,4157.88,3897.97,6,1,2,575.0,0,0.267
40,5129.53,4567.03,4,0,3,597.0,0,0.765
29,6188.91,2459.46,3,1,1,484.0,1,0.59
23,4881.58,2553.03,3,0,0,755.0,1,0.63
60,6485.46,2433.59,4,1,2,652.0,0,0.871
41,6850.9,2824.03,2,1,1,554.0,0,0.266
54,3760.84,3572.798,13,1,2,648.0,1,0.386
42,4893.4,2619.94,6,1,1,491.0,0,0.207
37,3484.57,3310.3415,1,1,1,597.0,1,0.445
64,4547.47,1861.09,8,0,3,614.0,1,0.223
62,3864.58,3671.3509999999997,5,1,1,476.0,1,0.765
54,5083.99,2515.54,3,1,3,619.0,1,0.762
23,2491.02,2366.469,5,1,0,457.0,1,0.612
38,4948.21,4261.34,7,1,2,518.0,2,0.729
48,3518.02,3342.1189999999997,5,0,3,392.0,1,0.732
50,4546.65,1906.58,1,1,2,642.0,1,0.471
65,6896.36,1397.4,5,0,0,482.0,1,0.05
34,3834.38,3358.33,4,1,2,763.0,0,0.123
50,4525.83,2805.51,6,0,2,603.0,1,0.535
66,6659.67,1432.58,8,1,0,709.0,0,0.312
19,4221.36,1772.42,3,1,2,530.0,0,0.544
57,5290.92,1766.07,9,0,0,564.0,2,0.816
50,6530.73,2791.14,2,0,2,549.0,0,0.783
19,4885.58,3888.52,3,1,3,679.0,0,0.124
62,4229.26,2746.98,1,1,0,627.0,1,0.923
31,6309.09,2069.53,6,1,3,390.0,1,0.583
20,4840.7,2097.53,5,0,1,574.0,0,0.817
43,5731.59,4190.26,5,1,0,637.0,0,0.64
41,7673.56,2715.12,8,1,1,550.0,1,0.083
29,4791.71,3142.46,3,1,0,631.0,0,0.094
68,7525.67,2594.93,5,1,0,603.0,2,0.058
26,6468.57,3083.88,5,1,0,538.0,0,0.331
21,5266.44,2344.61,5,0,2,643.0,1,0.732
22,8487.07,3643.97,4,0,0,541.0,0,0.193
22,5302.22,3792.49,0,1,3,591.0,0,0.773
29,4907.91,2501.93,3,1,0,517.0,0,0.744
62,6049.7,3869.54,3,1,3,591.0,1,0.134
28,4408.41,4187.9895,6,1,0,742.0,0,0.355
45,2511.06,2385.507,4,1,2,590.0,0,0.111
44,2611.96,2481.362,6,1,1,500.0,1,0.124
39,4042.11,3530.57,6,1,3,656.0,1,0.323
20,1622.86,1541.7169999999999,4,1,2,500.0,0,0.053
38,4322.82,4102.38,2,1,2,579.0,1,0.111
28,5133.56,4247.41,7,1,0,580.0,0,0.378
45,6158.98,2745.39,4,1,0,501.0,1,0.831
46,5983.47,3472.2,4,1,2,684.0,0,0.928
34,4031.55,2544.59,5,1,3,555.0,1,0.575
27,5107.09,4523.32,5,1,2,486.0,0,0.092
32,7218.3,3727.71,4,1,0,482.0,0,0.628
66,5056.36,2593.95,9,1,2,545.0,0,0.317
61,7491.37,4015.68,7,0,2,665.0,1,0.804
46,4410.96,2581.93,5,1,0,656.0,0,0.479
21,3067.68,2681.63,2,0,2,642.0,0,0.115
56,6267.23,4330.57,5,0,3,570.0,0,0.567
41,5865.66,993.36,8,1,2,327.0,0,0.72
62,3649.17,3466.7115,2,1,0,469.0,0,0.877
41,5654.82,3154.96,6,1,2,659.0,0,0.774
31,3758.36,3570.442,5,1,2,641.0,0,0.414
43,3217.8,3056.91,5,0,1,673.0,1,0.725
28,4204.11,2253.96,5,1,0,509.0,0,0.684
20,6610.12,1936.7,2,1,0,544.0,0,0.32
28,6473.47,4570.14,5,0,2,616.0,0,0.162
64,4562.63,3885.34,4,1,3,709.0,2,0.788
63,8135.61,3279.7,5,0,1,675.0,0,0.991
67,2366.69,2248.3555,2,1,1,722.0,0,0.347
23,5431.19,1734.92,3,1,1,722.0,1,0.337
69,6007.97,3829.91,4,1,2,745.0,0,0.304
50,8293.03,3376.48,3,0,1,713.0,0,0.047
66,4376.19,3950.32,2,1,1,675.0,0,0.463
34,2964.58,1478.84,7,1,3,626.0,1,0.431
57,3652.46,2596.79,4,1,3,628.0,1,0.373
35,1000.0,950.0,4,1,1,560.0,0,0.849
61,6837.95,2790.61,6,1,1,637.0,1,0.979
64,4955.95,3856.76,4,1,2,629.0,0,0.092
21,4086.93,874.25,2,0,0,580.0,0,0.994
53,4636.37,1359.99,5,0,1,525.0,0,0.723
65,4738.04,4124.39,4,1,1,463.0,0,0.263
56,4172.66,3879.14,3,0,0,641.0,0,0.906
66,5809.42,3897.67,3,0,3,593.0,1,0.578
32,6098.3,3740.08,8,1,3,564.0,0,0.744
66,6784.85,5994.46,6,0,3,581.0,2,0.246
58,6068.36,2672.52,3,0,1,746.0,0,0.047
43,4269.76,4056.272,5,0,3,546.0,0,0.575
50,3426.95,2953.59,8,1,3,704.0,0,0.164
45,3226.38,1859.06,2,1,3,623.0,0,0.822
47,5742.21,1740.06,5,1,1,529.0,1,0.08
69,4022.63,3695.8,3,0,2,545.0,1,0.829
63,2755.3,2617.535,3,1,1,536.0,0,0.194
45,4665.25,4191.22,4,1,1,616.0,0,0.78
62,2660.4,1679.36,7,0,0,617.0,0,0.095
57,7525.48,2375.47,2,1,2,535.0,0,0.077
51,5697.89,3353.72,6,1,1,507.0,0,0.875
27,5282.05,3212.68,4,0,0,595.0,0,0.856
56,4333.02,3076.37,6,1,3,520.0,0,0.808
66,4482.48,2474.66,4,1,2,660.0,0,0.454
32,6933.17,6020.0,5,1,2,597.0,0,0.57
61,4289.1,3607.23,7,1,0,647.0,0,0.025
69,6107.56,3263.49,5,1,2,528.0,0,0.41
47,6131.06,3997.49,6,1,1,546.0,0,0.032
45,6750.48,3863.74,4,1,1,651.0,0,0.91
56,3808.23,665.39,4,0,0,555.0,0,0.7
43,6334.06,2256.9,5,0,2,461.0,1,0.457
43,4598.19,1948.13,3,0,1,446.0,0,0.128
61,5806.84,1184.05,3,0,3,743.0,1,0.605
18,5790.0,3611.29,3,1,3,496.0,0,0.283
39,3505.05,3329.7975,4,1,2,688.0,0,0.714
40,3064.03,2765.53,2,1,2,705.0,0,0.915
42,4612.72,1058.63,5,1,3,433.0,0,0.041
25,5155.63,3436.85,5,0,3,632.0,0,0.494
51,4824.86,2017.37,0,1,1,471.0,0,0.41
69,3880.66,2153.99,6,1,3,590.0,0,0.312
32,5143.09,2682.65,7,0,2,524.0,0,0.963
19,5301.26,3211.21,4,1,3,655.0,0,0.303
29,3639.03,3099.54,7,1,2,531.0,0,0.141
35,6504.8,2805.02,7,1,2,538.0,1,0.416
24,1558.63,1480.6985,5,1,0,541.0,0,0.976
59,3388.5,2728.48,9,0,3,502.0,0,0.291
44,5890.34,2464.76,7,1,2,548.0,0,0.905
19,3773.77,1817.54,7,1,3,557.0,0,0.58
52,5014.54,1864.21,4,1,2,850.0,0,0.401
63,5522.98,3979.58,4,1,1,604.0,1,0.525
65,3499.87,3324.8765,11,1,1,375.0,0,0.67
30,6883.69,2706.79,3,1,3,630.0,0,0.591
21,5585.88,1928.16,4,1,3,726.0,1,0.64
45,2112.95,2007.3024999999998,8,0,3,620.0,2,0.59
40,4793.59,3162.49,6,1,1,593.0,0,0.264
68,3531.08,3354.526,9,1,0,781.0,0,0.498
35,1584.85,1505.6074999999998,4,1,0,850.0,1,0.033
38,3100.44,2640.53,7,0,1,666.0,0,0.408
56,7046.05,4323.46,3,1,2,676.0,1,0.823
31,5092.58,4837.951,3,1,3,610.0,0,0.833
30,3046.88,2894.536,5,1,0,589.0,0,0.574
65,5079.11,1431.43,6,1,2,495.0,0,0.635
67,3541.67,2666.22,4,1,1,558.0,0,0.495
37,4499.75,4274.7625,6,1,2,575.0,1,0.18
30,2789.29,2316.43,7,1,2,690.0,0,0.594
25,5733.67,3229.07,5,1,2,697.0,0,0.362
21,5503.83,3186.91,7,1,1,606.0,0,0.371
23,3663.94,3473.18,5,1,1,589.0,0,0.094
41,7357.93,970.38,4,1,3,686.0,0,0.772
67,4557.81,3934.07,10,0,0,358.0,0,0.226
41,6238.49,3538.94,2,1,2,656.0,0,0.696
66,6382.5,2101.8,4,1,1,640.0,1,0.592
37,6117.54,2924.15,5,0,0,721.0,0,0.026
30,4062.84,3859.698,5,0,3,768.0,1,0.077
51,6200.98,1014.2,4,1,1,579.0,0,0.058
25,6399.81,1459.96,6,1,1,699.0,0,0.599
51,5868.53,2242.9,4,1,1,769.0,0,0.98
64,5732.96,3826.98,2,1,1,527.0,0,0.77
22,5860.49,1980.99,4,1,1,764.0,0,0.413
33,2678.04,2544.138,6,0,0,559.0,0,0.64
33,5154.73,4896.9935,7,1,2,619.0,1,0.597
31,6371.11,4154.0,8,1,1,705.0,0,0.955
44,7619.6,1558.04,8,0,2,592.0,1,0.397
59,4690.07,3515.03,10,1,2,544.0,0,0.87
59,3082.43,1786.34,7,1,0,619.0,0,0.144
48,5999.85,1721.33,7,1,0,511.0,1,0.591
31,7056.07,3541.78,4,1,0,464.0,1,0.6
48,5238.65,2323.21,3,1,1,554.0,0,0.891
31,4152.89,3945.2455,4,1,0,411.0,0,0.397
41,4380.09,1759.55,4,1,3,498.0,1,0.737
52,6724.45,3296.89,6,0,0,698.0,0,0.809
69,7864.09,2145.12,8,1,3,628.0,0,0.818
32,2759.86,1948.5,5,0,0,409.0,0,0.21
37,5614.85,3770.37,5,0,1,779.0,1,0.022
67,3568.78,3390.341,3,1,2,751.0,0,0.676
45,5552.06,3581.42,5,0,2,485.0,0,0.598
55,4371.41,4152.8395,6,1,0,426.0,0,0.613
44,7179.25,1010.76,5,1,2,673.0,1,0.74
18,6332.69,2749.09,6,1,0,372.0,1,0.152
29,6344.63,3369.6,2,1,0,725.0,1,0.221
56,2992.47,2266.24,7,0,1,309.0,0,0.791
44,5096.32,2905.18,4,1,0,541.0,1,0.956
53,6693.56,2131.44,7,1,1,540.0,0,0.881
48,5965.07,2897.85,7,1,3,642.0,1,0.09
41,4362.53,2117.59,7,1,3,701.0,0,0.926
49,6692.74,2380.12,6,1,2,773.0,1,0.607
37,4800.87,2714.02,8,0,1,419.0,1,0.983
40,5399.43,2811.4,10,0,0,395.0,0,0.013
66,2926.58,1974.68,8,1,1,556.0,0,0.091
20,4818.81,3083.78,3,1,3,645.0,0,0.904
33,4554.12,3601.98,1,0,2,624.0,0,0.691
64,6301.93,3303.28,6,0,1,495.0,1,0.8
19,5769.22,3631.16,5,1,2,485.0,1,0.084
54,5186.09,4190.09,0,1,1,442.0,1,0.989
38,4326.89,4110.5455,7,1,0,653.0,0,0.892
20,3936.87,2992.15,2,0,2,675.0,1,0.801
29,4151.49,3889.26,4,0,1,778.0,1,0.099
45,6747.56,2244.9,1,0,1,676.0,1,0.34
42,3421.31,1060.84,2,1,2,461.0,0,0.946
33,2598.87,2468.9264999999996,5,0,3,574.0,0,0.117
29,3164.28,2264.43,10,1,3,535.0,1,0.202
38,4652.45,3701.44,4,0,1,542.0,3,0.239
62,6386.1,3252.76,2,1,3,515.0,0,0.17
39,6831.88,1439.86,4,1,2,426.0,2,0.076
36,5912.72,2581.84,9,0,0,374.0,1,0.961
29,3992.84,2806.51,5,1,3,769.0,0,0.165
29,5157.14,3717.11,2,0,1,490.0,2,0.179
65,5144.84,2033.18,4,1,1,527.0,1,0.402
67,5435.36,5050.97,5,1,1,549.0,1,0.741
40,4091.95,2804.38,3,0,3,828.0,0,0.195
59,1183.58,1124.4009999999998,8,0,0,487.0,0,0.01
52,6169.93,3098.4,8,1,2,647.0,0,0.378
26,2582.23,2453.1185,6,1,3,676.0,0,0.218
38,6278.42,3676.33,3,0,0,462.0,0,0.597
34,6142.91,3725.05,6,0,0,533.0,1,0.614
19,5400.05,1602.87,8,1,1,737.0,0,0.651
54,5601.61,2904.93,2,1,0,642.0,0,0.743
28,5341.95,3246.19,7,0,2,686.0,0,0.054
38,3936.52,2820.05,5,1,0,592.0,1,0.001
22,4179.27,3130.15,8,0,3,576.0,0,0.828
51,3895.39,3008.38,3,1,2,711.0,3,0.055
67,5564.28,2643.81,9,1,0,686.0,0,0.673
54,7011.62,2891.71,6,1,1,596.0,0,0.48
49,4114.96,2474.1,4,0,0,787.0,0,0.793
27,4936.01,2099.76,7,1,0,737.0,1,0.847
56,1972.58,1873.9509999999998,4,1,0,581.0,0,0.97
30,3116.39,2440.57,6,1,0,727.0,0,0.385
19,2501.86,2376.767,7,1,0,724.0,1,0.075
40,5801.26,3311.82,4,1,3,623.0,1,0.359
57,4910.21,3057.21,3,1,3,537.0,0,0.594
20,4542.68,3384.72,4,1,0,488.0,2,0.102
38,4825.68,3149.59,6,1,2,727.0,0,0.941
27,4786.55,3287.29,7,1,2,527.0,0,0.283
20,5233.91,3675.75,4,1,3,433.0,0,0.946
32,4670.12,2257.92,4,1,1,551.0,1,0.755
27,4424.67,2980.9,1,1,2,615.0,1,0.081
64,5040.83,2944.46,1,0,1,675.0,0,0.916
26,4840.37,4212.15,5,1,1,517.0,0,0.081
33,6059.9,3836.19,3,1,1,737.0,0,0.285
41,4210.28,1570.32,3,1,3,681.0,0,0.799
37,3121.65,2965.5675,5,1,1,577.0,0,0.921
47,6094.88,2680.31,9,0,1,687.0,0,0.682
30,2820.47,2679.4464999999996,3,1,2,627.0,0,0.22
18,6542.35,1263.09,4,1,2,838.0,0,0.927
21,5610.4,4014.59,6,1,2,665.0,2,0.728
24,5502.0,2155.73,3,1,2,520.0,0,0.892
67,2873.48,843.45,7,1,1,719.0,1,0.6
53,3199.7,2099.66,6,0,2,550.0,0,0.257
38,4938.09,3547.51,6,1,0,619.0,0,0.066
47,6390.76,3576.18,7,0,1,577.0,0,0.852
56,4660.64,1731.84,6,1,1,578.0,0,0.083
44,4712.37,3637.29,0,1,0,643.0,0,0.055
66,6466.88,4020.62,2,1,3,689.0,0,0.654
43,6213.29,2265.17,8,1,3,627.0,0,0.621
36,3031.61,2613.44,7,0,2,609.0,1,0.196
31,3015.43,1519.78,7,1,0,485.0,1,0.559
69,6504.01,4438.57,4,1,3,630.0,1,0.331
57,5646.11,974.35,7,1,1,604.0,1,0.694
59,6478.76,2205.63,6,1,0,717.0,0,0.33
48,7832.56,1828.68,6,1,3,635.0,1,0.975
24,5224.63,3836.35,5,1,3,503.0,1,0.005
50,2258.27,1460.43,7,1,0,596.0,0,0.66
26,3884.17,2346.75,5,0,2,657.0,0,0.697
19,3694.71,3509.9745,7,1,0,534.0,1,0.502
53,2969.93,2821.4334999999996,8,1,0,401.0,1,0.441
24,1667.74,1584.3529999999998,5,1,2,671.0,1,0.344
22,8374.15,4053.38,8,0,2,548.0,0,0.292
39,2924.33,2203.26,6,1,2,641.0,0,0.64
51,2551.28,2423.716,6,1,0,507.0,0,0.871
33,8508.94,500.0,6,1,2,631.0,0,0.482
31,5148.18,3150.62,7,1,0,624.0,0,0.424
26,5430.06,3229.46,4,0,0,649.0,1,0.7
23,3216.75,1643.57,6,1,2,717.0,1,0.615
62,4567.74,3218.12,2,1,1,511.0,1,0.641
65,3460.53,2430.71,7,1,3,481.0,1,0.652
68,3640.22,2002.51,7,0,3,458.0,0,0.285
54,6721.66,2453.11,4,1,2,548.0,0,0.863
58,1661.38,1578.311,7,1,3,674.0,2,0.827
19,1362.24,1294.128,0,1,0,741.0,1,0.305
54,2127.65,2021.2675,4,1,1,630.0,0,0.199
61,6910.83,2398.12,3,1,0,572.0,1,0.067
59,3295.39,2436.35,7,1,3,591.0,0,0.483
59,8153.05,3303.26,5,0,3,583.0,0,0.998
36,2172.0,2063.4,6,1,3,378.0,0,0.91
60,6051.11,3360.48,3,1,1,592.0,0,0.977
61,7068.74,2417.28,9,1,2,655.0,0,0.4
34,3714.0,3528.2999999999997,5,1,0,777.0,5,0.256
18,6836.78,1720.66,6,1,0,522.0,1,0.642
21,4581.77,4352.681500000001,6,0,3,792.0,0,0.464
54,2948.31,2398.33,2,1,2,397.0,0,0.867
47,4494.71,4269.9745,4,1,3,486.0,1,0.317
63,5280.05,3722.79,6,1,2,538.0,1,0.558
47,6821.91,4416.42,8,1,2,739.0,2,0.894
46,3107.58,2952.2009999999996,4,0,2,591.0,0,0.932
63,3434.47,1504.83,3,0,2,633.0,2,0.394
38,7271.77,3102.82,6,1,0,547.0,0,0.695
20,5361.38,3266.42,5,1,2,588.0,0,0.945
67,4804.89,1286.13,6,1,1,582.0,0,0.569
42,6251.37,2609.34,2,0,0,593.0,0,0.114
20,3506.28,1764.34,7,1,2,715.0,0,0.189
28,7698.07,667.28,3,0,0,704.0,1,0.185
56,2555.43,2427.6584999999995,8,1,3,574.0,0,0.791
63,4638.53,1915.6,3,1,0,379.0,0,0.948
65,5898.46,2524.63,3,1,0,467.0,0,0.176
54,6272.77,3041.75,5,1,3,710.0,1,0.524
38,6710.03,3069.51,5,0,2,724.0,0,0.697
62,6981.48,2449.69,3,1,2,509.0,0,0.808
65,5741.14,2939.56,8,0,3,846.0,0,0.15
31,5457.66,2415.55,1,1,3,605.0,0,0.507
56,6031.43,3078.9,7,1,2,531.0,1,0.259
59,4768.75,3418.3,5,0,1,577.0,0,0.664
48,5496.07,2417.96,4,0,1,512.0,2,0.847
57,3536.13,3359.3235,7,0,1,668.0,2,0.55
44,5594.22,4124.47,2,1,3,705.0,2,0.799
34,5722.59,3250.28,3,1,0,502.0,0,0.692
41,3873.43,3008.39,5,1,0,491.0,0,0.029
52,2360.03,2038.33,8,0,3,743.0,0,0.746
36,3979.56,2559.69,6,0,3,627.0,0,0.303
51,4612.0,3886.84,4,1,1,642.0,0,0.347
20,2228.9,2117.455,4,1,2,571.0,0,0.777
35,5600.32,2534.74,4,1,1,576.0,1,0.966
48,5657.05,2215.76,6,1,0,690.0,0,0.612
32,4354.97,3957.22,9,0,2,599.0,0,0.837
64,5705.2,3816.83,3,0,2,349.0,1,0.732
43,5447.04,3300.62,6,0,3,645.0,1,0.869
58,3795.31,2747.15,3,1,3,711.0,0,0.608
62,4865.8,2263.72,4,1,1,728.0,1,0.921
34,4848.99,2967.2,9,1,2,620.0,0,0.683
30,4436.37,3308.34,8,0,3,586.0,0,0.48
35,5548.42,4526.03,9,1,2,649.0,0,0.394
29,5200.69,2775.07,6,0,3,509.0,1,0.375
39,3227.04,1823.13,8,0,3,611.0,0,0.423
54,6467.68,3223.87,7,1,0,780.0,1,0.656
62,7125.73,2965.31,6,0,2,663.0,1,0.202
28,5517.2,4560.16,8,0,3,412.0,2,0.41
65,6344.91,1753.99,3,1,3,634.0,0,0.864
30,1226.33,1165.0134999999998,7,0,1,432.0,1,0.431
53,2139.37,2032.4014999999997,4,1,2,658.0,0,0.925
42,7035.19,2913.5,8,1,3,595.0,0,0.123
36,2027.45,1926.0774999999999,6,1,3,662.0,0,0.218
18,7893.58,3484.88,3,1,2,601.0,0,0.419
31,7489.31,3373.46,0,0,0,595.0,0,0.198
19,6378.82,4868.25,2,1,3,484.0,0,0.318
22,4086.11,3881.8044999999997,4,0,2,753.0,1,0.112
66,6338.63,4763.66,2,1,0,694.0,1,0.511
24,5981.12,4164.81,6,1,1,657.0,1,0.967
44,4182.63,2604.66,10,0,2,644.0,3,0.622
48,5917.32,2320.66,3,1,0,774.0,0,0.153
58,4327.07,4110.7164999999995,4,1,2,600.0,0,0.217
33,6564.29,2659.14,2,1,2,725.0,0,0.949
41,2822.99,1164.22,4,1,3,359.0,0,0.07
63,6163.15,2202.14,7,0,2,583.0,0,0.308
50,3424.38,3253.161,4,1,2,495.0,1,0.336
51,6605.28,3828.69,4,1,2,776.0,0,0.417
23,4646.37,3176.62,6,0,3,539.0,0,0.297
20,5235.14,3273.1,3,0,2,556.0,0,0.987
51,6455.23,2354.25,7,1,2,544.0,1,0.954
28,6042.59,3415.44,9,0,0,519.0,0,0.115
38,5491.0,1644.62,2,1,1,660.0,0,0.458
56,5037.77,4013.09,6,1,2,516.0,1,0.336
59,5854.98,4563.36,7,1,3,595.0,0,0.435
41,5707.74,3204.26,5,1,1,580.0,1,0.165
64,3747.72,3168.85,8,1,0,797.0,0,0.09
19,6551.74,3112.93,2,1,1,568.0,1,0.997
53,5639.8,1678.91,4,0,3,799.0,0,0.477
47,6162.29,2908.21,12,1,0,572.0,0,0.264
44,4957.82,3728.86,3,1,2,624.0,0,0.743
24,5010.59,2883.88,5,0,2,729.0,0,0.634
18,3774.21,3403.95,2,1,1,605.0,1,0.244
57,3421.36,3103.79,4,0,1,749.0,0,0.926
40,2903.27,2758.1065,6,1,1,639.0,1,0.523
24,5584.27,3583.91,4,1,1,665.0,0,0.717
34,5622.09,2247.35,9,1,1,593.0,0,0.348
45,3354.28,3186.5660000000003,9,0,0,562.0,0,0.18
37,3176.98,2150.44,7,1,0,568.0,0,0.899
48,7100.93,4352.25,2,1,3,540.0,0,0.304
49,3468.24,3294.8279999999995,2,1,0,436.0,0,0.548
55,4608.2,3446.51,7,1,1,443.0,1,0.559
20,1865.02,1583.34,6,1,2,625.0,0,0.009
34,4438.81,3379.59,4,1,3,537.0,0,0.669
60,7299.93,2040.56,7,1,2,727.0,0,0.105
37,6181.47,3623.73,9,0,0,566.0,1,0.07
48,2384.92,2265.674,2,0,0,553.0,0,0.172
26,5096.59,4218.2,6,0,3,683.0,0,0.29
40,2144.33,2037.1135,1,1,3,616.0,1,0.826
49,7717.06,3520.45,3,1,2,650.0,2,0.083
41,6503.6,4339.97,4,1,1,654.0,0,0.113
26,3528.25,3184.89,5,1,0,726.0,0,0.056
47,6378.0,4778.9,6,0,0,564.0,2,0.028
38,6284.21,2886.9,7,1,2,573.0,0,0.025
69,7727.4,2881.31,1,1,0,591.0,0,0.994
40,3301.68,3136.5959999999995,6,1,2,624.0,1,0.084
45,3871.97,1950.07,5,0,1,593.0,0,0.497
63,6834.97,3079.12,2,1,1,634.0,0,0.597
23,6801.48,1893.04,1,0,2,574.0,0,0.541
37,1874.97,1781.2214999999999,7,0,1,658.0,2,0.715
32,7765.31,3037.26,8,1,1,584.0,0,0.536
67,2462.52,2058.25,6,0,0,718.0,0,0.584
69,4805.99,3691.64,6,1,3,738.0,2,0.505
44,5323.1,2765.22,3,1,2,792.0,0,0.806
52,7395.23,3135.92,8,0,0,553.0,1,0.29
38,5073.64,4819.9580000000005,9,1,1,640.0,1,0.466
57,4844.83,2503.23,2,1,3,641.0,1,0.78
69,5957.28,3370.84,3,1,3,634.0,1,0.595
29,5426.02,4699.73,8,1,1,598.0,0,0.779
39,5863.86,790.83,13,0,0,514.0,0,0.658
22,4226.51,4015.1845,4,0,3,579.0,0,0.125
18,5262.44,2832.91,7,1,2,642.0,2,0.184
58,5999.77,3168.39,6,0,2,778.0,0,0.599
66,4970.06,1464.16,5,0,3,596.0,0,0.338
45,7344.91,2389.33,3,1,1,682.0,0,0.393
20,8308.38,2233.76,5,1,3,652.0,1,0.993
49,4359.01,1855.01,5,1,3,568.0,0,0.783
67,4470.24,2063.15,3,0,3,667.0,0,0.851
55,2833.68,2691.9959999999996,4,1,3,555.0,0,0.375
29,3001.84,1565.14,3,1,1,795.0,1,0.659
23,3618.75,2028.73,8,1,2,644.0,0,0.019
53,6705.38,3564.19,8,1,0,459.0,0,0.903
38,2641.18,2509.1209999999996,3,0,2,577.0,0,0.508
68,4673.77,2658.79,2,0,1,666.0,0,0.457
43,4856.28,4314.89,6,0,1,622.0,2,0.198
20,5263.37,2567.67,3,0,2,641.0,0,0.893
63,2853.93,2711.2335,2,1,0,469.0,0,0.967
19,7338.19,2215.88,7,1,1,421.0,2,0.019
60,1000.0,950.0,7,1,0,582.0,0,0.624
26,4904.48,2376.68,3,0,0,693.0,0,0.906
55,5039.28,3241.98,5,0,0,459.0,0,0.424
58,3937.57,3740.6915,6,1,3,465.0,0,0.28
67,5860.24,2856.19,4,0,3,765.0,0,0.056
69,6118.82,4782.59,9,1,3,640.0,0,0.235
34,7602.05,2987.44,8,1,0,566.0,1,0.163
38,5236.36,2498.52,6,1,3,520.0,1,0.715
38,6151.25,4745.21,4,1,1,682.0,1,0.574
60,3680.06,2120.57,3,1,2,745.0,2,0.047
58,3388.42,1589.83,6,1,2,644.0,0,0.704
68,8374.34,3920.32,6,1,2,450.0,0,0.591
52,4523.95,2257.13,6,1,1,557.0,0,0.89
51,5499.25,2896.25,4,0,3,665.0,3,0.198
20,6027.72,2837.81,2,1,3,528.0,0,0.777
37,1722.32,1636.204,5,1,2,664.0,0,0.903
66,4207.45,2634.59,5,1,0,367.0,0,0.604
39,4194.18,2857.89,5,0,0,590.0,1,0.705
41,4020.96,1856.69,8,1,1,576.0,0,0.226
60,5941.69,2281.44,3,0,0,452.0,1,0.253
66,4202.71,3100.01,7,1,1,482.0,1,0.624
46,2334.89,2218.1454999999996,2,0,2,745.0,1,0.425
29,7251.0,3920.08,7,1,1,668.0,0,0.801
52,6798.26,3558.06,4,1,3,464.0,0,0.14
40,5096.65,3944.12,1,1,2,659.0,0,0.116
31,3601.74,2833.03,7,1,1,651.0,0,0.938
48,5081.09,2287.2,3,1,2,640.0,0,0.436
56,7018.58,2769.46,5,1,3,464.0,0,0.2
41,6917.26,2250.28,9,0,2,646.0,1,0.468
57,6033.99,2903.51,4,1,2,707.0,0,0.105
68,5302.14,3234.83,6,1,2,583.0,0,0.051
51,6908.18,3185.09,3,0,0,578.0,0,0.301
56,5751.18,1931.52,4,0,2,727.0,1,0.515
33,5494.25,3411.98,5,1,2,575.0,1,0.743
18,3660.33,2067.08,6,0,1,624.0,0,0.106
39,5157.91,4410.04,8,1,2,548.0,1,0.71
31,5565.76,4041.18,7,1,1,750.0,0,0.842
52,1677.57,1593.6915,4,1,0,677.0,1,0.625
31,7120.76,3446.0,7,1,0,426.0,1,0.331
67,6511.61,1992.65,9,1,3,509.0,1,0.447
20,5834.84,3356.62,4,1,2,568.0,1,0.763
23,5256.43,2490.19,8,1,2,521.0,0,0.549
62,4958.92,2764.4,4,1,1,504.0,1,0.948
28,2339.32,1680.66,5,1,0,479.0,0,0.933
54,4464.38,3069.91,3,1,2,578.0,0,0.154
44,3973.23,3110.93,4,1,2,676.0,0,0.063
46,5232.67,3448.22,2,0,2,503.0,0,0.75
28,4088.85,3061.37,6,0,3,530.0,0,0.571
19,3457.25,2337.6,6,0,1,612.0,0,0.659
29,4142.27,3259.49,5,1,2,533.0,0,0.773
41,5797.28,5083.86,4,1,0,608.0,0,0.5
41,5252.08,3055.09,7,1,2,632.0,0,0.592
50,5059.86,2596.02,6,0,1,594.0,0,0.741
35,4757.84,3296.67,6,1,1,401.0,1,0.38
57,7472.9,4446.02,7,0,2,474.0,0,0.516
